harbor_name,geometry
Hanstholm,0103000020E6100000010000000600000060B1868BDC2B2140DFC2BAF1EE8E4C4060B1868BDC2B214052B81E85EB914C40B3D1393FC539214052B81E85EB914C40B3D1393FC5392140DFC2BAF1EE8E4C40FB40F2CEA12C2140DFC2BAF1EE8E4C4060B1868BDC2B2140DFC2BAF1EE8E4C40
Hirtshals,0103000020E610000001000000060000004B02D4D4B2E52340166A4DF38ECB4C404B02D4D4B2E52340D9942BBCCBCD4C401D8EAED2DDFD2340D9942BBCCBCD4C401D8EAED2DDFD2340166A4DF38ECB4C40841266DAFEE52340166A4DF38ECB4C404B02D4D4B2E52340166A4DF38ECB4C40
Skagen Harbour,0103000020E610000001000000060000000F45813E912725401766A19DD3DA4C400F45813E91272540D44334BA83DC4C40240F4416693A2540D44334BA83DC4C40240F4416693A25401766A19DD3DA4C4043CA4FAA7D2A25401766A19DD3DA4C400F45813E912725401766A19DD3DA4C40
Ålbæk,0103000020E610000001000000060000009A99999999D92440DD24068195CB4C409A99999999D924405C8FC2F528CC4C4004560E2DB2DD24405C8FC2F528CC4C4004560E2DB2DD2440DD24068195CB4C40B493C151F2DA2440DD24068195CB4C409A99999999D92440DD24068195CB4C40
Frederikshavn Marina,0103000020E61000000100000006000000739CDB847B0D2540A01A2FDD24B64C40739CDB847B0D254033C005D9B2B64C404C6BD3D85E13254033C005D9B2B64C404C6BD3D85E132540A01A2FDD24B64C40F3AFE595EB0D2540A01A2FDD24B64C40739CDB847B0D2540A01A2FDD24B64C40
Frederikshavn,0103000020E61000000100000008000000E17A14AE47212540501A6A1492B64C404C6BD3D85E132540501A6A1492B64C404C6BD3D85E13254033C005D9B2B64C408B6CE7FBA911254033C005D9B2B64C408B6CE7FBA91125401B2FDD2406B94C40E17A14AE472125401B2FDD2406B94C40E17A14AE4721254031410DDFC2B64C40E17A14AE47212540501A6A1492B64C40
Rønnerhavnen,0103000020E6100000010000000600000051C1E105111125403B527DE717BB4C4051C1E10511112540A4703D0AD7BB4C40124F7633A3172540A4703D0AD7BB4C40124F7633A31725403B527DE717BB4C40F0C4AC17431125403B527DE717BB4C4051C1E105111125403B527DE717BB4C40
Strandby,0103000020E610000001000000060000000344C18C290025407364E597C1BE4C400344C18C290025409CC0745AB7BF4C4068B3EA73B50525409CC0745AB7BF4C4068B3EA73B50525407364E597C1BE4C402522FC8BA00125407364E597C1BE4C400344C18C290025407364E597C1BE4C40
Hirsholm Havn,0103000020E61000000100000006000000B6BFB33D7A3B254068226C787ABD4C40B6BFB33D7A3B25407B832F4CA6BE4C40C617EDF1424225407B832F4CA6BE4C40C617EDF14242254068226C787ABD4C40A94BC631923D254068226C787ABD4C40B6BFB33D7A3B254068226C787ABD4C40
Vesterø Havn,0103000020E610000001000000060000004CE141B3EBD62540F6285C8FC2A54C404CE141B3EBD62540ED2B0FD253A64C40B4C876BE9FDA2540ED2B0FD253A64C40B4C876BE9FDA2540F6285C8FC2A54C40D8D47954FCD72540F6285C8FC2A54C404CE141B3EBD62540F6285C8FC2A54C40
Sæby Havn,0103000020E610000001000000060000005B5B785E2A0E254012F6ED2422AA4C405B5B785E2A0E254073F56393FCAA4C40679AB0FD6414254073F56393FCAA4C40679AB0FD6414254012F6ED2422AA4C4027D87F9D9B0E254012F6ED2422AA4C405B5B785E2A0E254012F6ED2422AA4C40
Agger Havn,0103000020E61000000100000006000000A51309A69A8120403B527DE717634C40A51309A69A8120404F9143C4CD634C40F6ED2422FC8320404F9143C4CD634C40F6ED2422FC8320403B527DE717634C40D53F8864C88120403B527DE717634C40A51309A69A8120403B527DE717634C40
Thyborøn,0103000020E61000000100000006000000EC51B81E856B204085EB51B81E554C40EC51B81E856B2040AC8F87BEBB5B4C40C1FEEBDCB4812040AC8F87BEBB5B4C40C1FEEBDCB481204085EB51B81E554C403C32569BFF6F204085EB51B81E554C40EC51B81E856B204085EB51B81E554C40
Doverodde Havn,0103000020E61000000100000005000000AAF1D24D62F02040E4326E6AA05B4C40AAF1D24D62F020408716D9CEF75B4C4013B70A62A0F320408716D9CEF75B4C4013B70A62A0F3204089B3226AA25B4C40AAF1D24D62F02040E4326E6AA05B4C40
Sillerslev,0103000020E610000001000000060000004E62105839742140105839B4C8564C404E621058397421406C5A290472574C40B727486C777721406C5A290472574C40B727486C77772140105839B4C8564C40E5B33C0FEE762140105839B4C8564C404E62105839742140105839B4C8564C40
Vilsund-Sundby Mors,0103000020E6100000010000000600000001F73C7FDA402140DBF97E6ABC704C4001F73C7FDA402140B0E595EB6D714C40B727486C77472140B0E595EB6D714C40B727486C77472140DBF97E6ABC704C406F0D6C9560412140DBF97E6ABC704C4001F73C7FDA402140DBF97E6ABC704C40
Thisted Havn,0103000020E610000001000000060000008F8EAB915D612140BD0166BE83794C408F8EAB915D6121406058FE7C5B7A4C40B6F3FDD4786921406058FE7C5B7A4C40B6F3FDD478692140BD0166BE83794C4017D86322A5612140BD0166BE83794C408F8EAB915D612140BD0166BE83794C40
Ejerslev Havn,0103000020E61000000100000006000000D7A3703D0AD721404C37894160754C40D7A3703D0AD721401763601DC7754C4007B5DFDA89DA21401763601DC7754C4007B5DFDA89DA21404C37894160754C400796236420D721404C37894160754C40D7A3703D0AD721404C37894160754C40
Livø Havn,0103000020E6100000010000000600000052B81E85EB312240D95BCAF962714C4052B81E85EB312240A8C64B3789714C4013B70A62A0332240A8C64B3789714C4013B70A62A0332240D95BCAF962714C40183E22A644322240D95BCAF962714C4052B81E85EB312240D95BCAF962714C40
Rønbjerg,0103000020E61000000100000006000000A3570394865222402F50526001724C40A357039486522240D94125AE63724C409CF86A4771562240D94125AE63724C409CF86A47715622402F50526001724C40AC3B16DBA45222402F50526001724C40A3570394865222402F50526001724C40
Nykøbing Mors og Ørodde Havn,0103000020E61000000100000006000000647616BD53B92140D578E92631644C40647616BD53B9214061360186E5654C406D567DAEB6C2214061360186E5654C406D567DAEB6C22140D578E92631644C40AE450BD0B6BA2140D578E92631644C40647616BD53B92140D578E92631644C40
Glyngøre Havn,0103000020E61000000100000006000000D25625917DB8214045BA9F5390614C40D25625917DB8214067D5E76A2B624C40D0EE906280BC214067D5E76A2B624C40D0EE906280BC214045BA9F5390614C40D6A9F23D23B9214045BA9F5390614C40D25625917DB8214045BA9F5390614C40
Sundsøre Lystbådehavn,0103000020E61000000100000006000000B81E85EB51582240A69BC420B05A4C40B81E85EB5158224073F56393FC5A4C40B4C876BE9F5A224073F56393FC5A4C40B4C876BE9F5A2240A69BC420B05A4C403ACD02ED0E592240A69BC420B05A4C40B81E85EB51582240A69BC420B05A4C40
Branden Bro,0103000020E61000000100000006000000CBD58F4DF20B22406E85B01A4B664C40CBD58F4DF20B2240AEBA0ED594664C40CA6DFB1EF50F2240AEBA0ED594664C40CA6DFB1EF50F22406E85B01A4B664C40E547FC8A350C22406E85B01A4B664C40CBD58F4DF20B22406E85B01A4B664C40
Fur,0103000020E610000001000000060000009CC420B072082240A08D5C37A5664C409CC420B072082240D7A3703D0A674C403C139A24960C2240D7A3703D0A674C403C139A24960C2240A08D5C37A5664C402657B1F84D092240A08D5C37A5664C409CC420B072082240A08D5C37A5664C40
Hvalpsund Fiskerihavn,0103000020E61000000100000006000000FBB2B45373612240A8C64B3789594C40FBB2B4537361224060E5D022DB594C403108AC1C5A64224060E5D022DB594C403108AC1C5A642240A8C64B3789594C40AA27F38FBE612240A8C64B3789594C40FBB2B45373612240A8C64B3789594C40
Hvalpsund Lystbådehavn,0103000020E61000000100000006000000F20698F90E6622403C6C2233175A4C40F20698F90E662240DF4F8D976E5A4C4062105839B4682240DF4F8D976E5A4C4062105839B46822403C6C2233175A4C40EE06D15AD16622403C6C2233175A4C40F20698F90E6622403C6C2233175A4C40
Haverslev,0103000020E61000000100000005000000EC51B81E85CB224040A0336953834C40EC51B81E85CB22409C51F355F2834C40ACADD85F76CF22409C51F355F2834C40ACADD85F76CF224040A0336953834C40EC51B81E85CB224040A0336953834C40
Attrup Havn,0103000020E6100000010000000600000061191BBAD9E7224014AE47E17A844C4061191BBAD9E7224085EB51B81E854C400AD7A3703DEA224085EB51B81E854C400AD7A3703DEA224014AE47E17A844C4036751E15FFE7224014AE47E17A844C4061191BBAD9E7224014AE47E17A844C40
Løgstør Havn,0103000020E610000001000000060000007C0BEBC6BB7B2240BABC395CAB7B4C407C0BEBC6BB7B22400EA0DFF76F7C4C4046EA3D95D38622400EA0DFF76F7C4C4046EA3D95D3862240BABC395CAB7B4C40BA4C4D82377C2240BABC395CAB7B4C407C0BEBC6BB7B2240BABC395CAB7B4C40
Amtoft,0103000020E61000000100000006000000FBB2B45373E121408D976E1283804C40FBB2B45373E12140317BD976DA804C406ABC749318E42140317BD976DA804C406ABC749318E421408D976E1283804C40CCB8A981E6E321408D976E1283804C40FBB2B45373E121408D976E1283804C40
Nibe Lystbådehavn,0103000020E610000001000000060000006F1283C0CA412340AE47E17A147E4C406F1283C0CA4123401F85EB51B87E4C408195438B6C4723401F85EB51B87E4C408195438B6C472340AE47E17A147E4C402C4A09C1AA422340AE47E17A147E4C406F1283C0CA412340AE47E17A147E4C40
Gjøl Fiskeri- og Lystbådehavn,0103000020E6100000010000000600000068B3EA73B56523403A05F9D9C8874C4068B3EA73B5652340F8E0B54B1B884C409833DB15FA682340F8E0B54B1B884C409833DB15FA6823403A05F9D9C8874C40910A630B416623403A05F9D9C8874C4068B3EA73B56523403A05F9D9C8874C40
Aalborg,0103000020E6100000010000000A0000007D7901F6D1292440969526A5A0834C40D6390664AFC72340969526A5A0834C40D6390664AFC72340598B4F0130864C400C3CF71E2EB92340598B4F0130864C400C3CF71E2EB923406362F3716D884C40D6390664AFC723406362F3716D884C40D6390664AFC72340693524EEB18C4C407D7901F6D1292440693524EEB18C4C407D7901F6D12924407C9BFEEC47864C407D7901F6D1292440969526A5A0834C40
Mou Bro,0103000020E6100000010000000600000033333333337324404C378941607D4C403333333333732440F6285C8FC27D4C4016A5846055752440F6285C8FC27D4C4016A58460557524404C378941607D4C4063B66455847324404C378941607D4C4033333333337324404C378941607D4C40
Asaa Havn,0103000020E610000001000000060000007CB779E3A4D82440BBB4E1B034924C407CB779E3A4D824405ED89AADBC924C40A379008BFCE224405ED89AADBC924C40A379008BFCE22440BBB4E1B034924C4063635E471CDA2440BBB4E1B034924C407CB779E3A4D82440BBB4E1B034924C40
Voerså Fiskerleje,0103000020E610000001000000060000005C8FC2F528FC2440A2B8E34D7E994C405C8FC2F528FC2440F69B89E9429A4C40A4703D0AD7032540F69B89E9429A4C40A4703D0AD7032540A2B8E34D7E994C407978CF81E5002540A2B8E34D7E994C405C8FC2F528FC2440A2B8E34D7E994C40
Hou Lystbaadehavn,0103000020E610000001000000060000005930F14751BF2440EDEF6C8FDE864C405930F14751BF244096D05D1267874C40A01A2FDD24C6244096D05D1267874C40A01A2FDD24C62440EDEF6C8FDE864C40035C902DCBBF2440EDEF6C8FDE864C405930F14751BF2440EDEF6C8FDE864C40
Egense Lystbådehavn,0103000020E61000000100000006000000D4D51D8B6D9A2440A9177C9A937D4C40D4D51D8B6D9A2440E76ED74B537E4C408A75AA7CCFA02440E76ED74B537E4C408A75AA7CCFA02440A9177C9A937D4C405C3CBCE7C09A2440A9177C9A937D4C40D4D51D8B6D9A2440A9177C9A937D4C40
Hals Havn,0103000020E61000000100000006000000B6BFB33D7A9B24405839B4C8767E4C40B6BFB33D7A9B2440DDB1D826157F4C40A7CF0EB8AEA02440DDB1D826157F4C40A7CF0EB8AEA024405839B4C8767E4C40E0826C59BE9E24405839B4C8767E4C40B6BFB33D7A9B24405839B4C8767E4C40
Øster Hurup Havn,0103000020E610000001000000060000000778D2C2658D24401766A19DD3664C400778D2C2658D244097E13FDD40674C40BFD364C6DB92244097E13FDD40674C40BFD364C6DB9224401766A19DD3664C4015014EEFE28D24401766A19DD3664C400778D2C2658D24401766A19DD3664C40
Hadsund Fiskerihavn,0103000020E610000001000000060000008FC2F5285C3F2440BABC395CAB5B4C408FC2F5285C3F2440A4703D0AD75B4C40FBB2B45373412440A4703D0AD75B4C40FBB2B45373412440BABC395CAB5B4C404B5AF10D853F2440BABC395CAB5B4C408FC2F5285C3F2440BABC395CAB5B4C40
Hadsund Lystbådehavn,0103000020E61000000100000006000000A0DFF76F5E3424402DB29DEFA75A4C40A0DFF76F5E342440ECDE8AC4045B4C40693BA6EECA362440ECDE8AC4045B4C40693BA6EECA3624402DB29DEFA75A4C4077F35487DC3424402DB29DEFA75A4C40A0DFF76F5E3424402DB29DEFA75A4C40
Hadsund Havn,0103000020E61000000100000006000000452E3883BF372440BFB51325215B4C40452E3883BF372440E4839ECDAA5B4C40D4BA0D6ABF3D2440E4839ECDAA5B4C40D4BA0D6ABF3D2440BFB51325215B4C400B7A6F0C01382440BFB51325215B4C40452E3883BF372440BFB51325215B4C40
Kongsdal Lystbådehavn,0103000020E61000000100000006000000666666666626244089B48D3F51574C4088635DDC4623244089B48D3F51574C4088635DDC46232440C11BD2A8C0574C406666666666262440C11BD2A8C0574C406666666666262440747973B856574C40666666666626244089B48D3F51574C40
Kongsdal,0103000020E610000001000000060000001002F2255418244048E17A14AE574C401002F22554182440C5AD8218E8584C4050FC1873D7222440C5AD8218E8584C4050FC1873D722244048E17A14AE574C40A12FBDFDB918244048E17A14AE574C401002F2255418244048E17A14AE574C40
Akzo Nobel Salt A/S Anlægskaj,0103000020E61000000100000006000000723447567E112440D7A3703D0A574C40723447567E1124405EBEF561BD574C40DBF97E6ABC1424405EBEF561BD574C40DBF97E6ABC142440D7A3703D0A574C4017F549EEB0112440D7A3703D0A574C40723447567E112440D7A3703D0A574C40
Vive Havn,0103000020E61000000100000006000000BC74931804162440E8887C9752594C40BC74931804162440AED4B32094594C407E737FF5B8172440AED4B32094594C407E737FF5B8172440E8887C9752594C40C59272F739162440E8887C9752594C40BC74931804162440E8887C9752594C40
Hobro Lystbådehavn,0103000020E610000001000000060000008ECBB8A9819E2340E6CC76853E524C408ECBB8A9819E2340FBE93F6B7E524C401D041DAD6AA12340FBE93F6B7E524C401D041DAD6AA12340E6CC76853E524C402CB7B41A129F2340E6CC76853E524C408ECBB8A9819E2340E6CC76853E524C40
Hobro Havn,0103000020E610000001000000060000000C022B8716992340A8C64B3789514C400C022B87169923402123A0C211524C4004560E2DB29D23402123A0C211524C4004560E2DB29D2340A8C64B3789514C40984C158C4A9A2340A8C64B3789514C400C022B8716992340A8C64B3789514C40
Randers,0103000020E610000001000000060000006EA301BC05222440EE42739D463A4C40306475ABE7142440EE42739D463A4C40306475ABE714244096218E75713B4C406EA301BC0522244096218E75713B4C406EA301BC052224400938842A353B4C406EA301BC05222440EE42739D463A4C40
Dronningborg Lystbådehavn,0103000020E6100000010000000600000098A25C1ABF282440CFF753E3A53B4C4098A25C1ABF2824402368CC24EA3B4C404582A966D62A24402368CC24EA3B4C404582A966D62A2440CFF753E3A53B4C40F581E49D43292440CFF753E3A53B4C4098A25C1ABF282440CFF753E3A53B4C40
Mellerup Lystbådehavn,0103000020E6100000010000000600000051C1E10511712440894160E5D0424C4051C1E105117124401DE736E15E434C409CF86A47717624401DE736E15E434C409CF86A4771762440894160E5D0424C4024D06053E7712440894160E5D0424C4051C1E10511712440894160E5D0424C40
Mariager Lystbådehavn,0103000020E610000001000000060000002EE6E786A6F423400FBA84436F534C402EE6E786A6F423407FF78E1A13544C407F6ABC7493F823407FF78E1A13544C407F6ABC7493F823400FBA84436F534C40D7DCD1FF72F523400FBA84436F534C402EE6E786A6F423400FBA84436F534C40
Udbyhøj Lystbådehavne,0103000020E610000001000000060000002E3A596ABD9724401900AAB8714D4C402E3A596ABD9724406058FE7C5B4E4C40AB251DE5609E24406058FE7C5B4E4C40AB251DE5609E24401900AAB8714D4C406EA296E6569824401900AAB8714D4C402E3A596ABD9724401900AAB8714D4C40
Bønnerup Havn,0103000020E610000001000000060000002C4A09C1AA6A25409C51F355F2434C402C4A09C1AA6A254052B5DD04DF444C40D4F02DAC1B6F254052B5DD04DF444C40D4F02DAC1B6F25409C51F355F2434C40E2033BFE0B6C25409C51F355F2434C402C4A09C1AA6A25409C51F355F2434C40
Studstrupværket,0103000020E61000000100000008000000BBED42739DB6244050E449D2351F4C40E34F5436ACB1244050E449D2351F4C40E34F5436ACB124407DAEB6627F1F4C40AE47E17A14AE24407DAEB6627F1F4C40AE47E17A14AE2440062AE3DF67204C40BBED42739DB62440062AE3DF67204C40BBED42739DB62440C1560916871F4C40BBED42739DB6244050E449D2351F4C40
Kaløvig Bådehavn,0103000020E61000000100000007000000E34F5436ACB124407DAEB6627F1F4C40E34F5436ACB12440904FC8CEDB1E4C407558E1968FAC2440904FC8CEDB1E4C407558E1968FAC244047904AB1A31F4C40AE47E17A14AE244047904AB1A31F4C40AE47E17A14AE2440A60D87A5811F4C40E34F5436ACB124407DAEB6627F1F4C40
Nappedam Lystbådehavn,0103000020E6100000010000000600000043572250FDFB24402506819543234C4043572250FDFB2440E4326E6AA0234C401F85EB51B8FE2440E4326E6AA0234C401F85EB51B8FE24402506819543234C4022718FA50FFD24402506819543234C4043572250FDFB24402506819543234C40
Øer Havn,0103000020E610000001000000060000007B14AE47E15A2540ECDE8AC404134C407B14AE47E15A2540AC8F87BEBB134C40BDA8DDAF02642540AC8F87BEBB134C40BDA8DDAF02642540ECDE8AC404134C402E3883BF5F5C2540ECDE8AC404134C407B14AE47E15A2540ECDE8AC404134C40
Ebeltoft,0103000020E61000000100000006000000DBF97E6ABC542540EAB303AE2B184C40DBF97E6ABC542540BD0166BE83194C40EC8502B683592540BD0166BE83194C40EC8502B683592540EAB303AE2B184C40B760A92EE0552540EAB303AE2B184C40DBF97E6ABC542540EAB303AE2B184C40
Kongsgårde Bro,0103000020E6100000010000000600000066666666660625403D0D18247D124C406666666666062540EF1D3526C4124C405E83BEF4F6072540EF1D3526C4124C405E83BEF4F60725403D0D18247D124C403A75E5B33C0725403D0D18247D124C4066666666660625403D0D18247D124C40
Skødshoved Bro Jollehavn,0103000020E610000001000000060000003F0114234BBE2440C976BE9F1A174C403F0114234BBE244089B48D3F51174C40E17A14AE47C1244089B48D3F51174C40E17A14AE47C12440C976BE9F1A174C406A6798DA52BF2440C976BE9F1A174C403F0114234BBE2440C976BE9F1A174C40
Egå Marina,0103000020E610000001000000060000006D205D6C5A912440C4AF58C3451A4C406D205D6C5A912440B43A3943711B4C408D28ED0DBE982440B43A3943711B4C408D28ED0DBE982440C4AF58C3451A4C4066DCD440F3912440C4AF58C3451A4C406D205D6C5A912440C4AF58C3451A4C40
Aarhus,0103000020E6100000010000000600000066666666666624405036E50AEF0E4C406666666666662440799274CDE4174C405F5E807D749A2440799274CDE4174C405F5E807D749A24405036E50AEF0E4C405D18E945ED6E24405036E50AEF0E4C4066666666666624405036E50AEF0E4C40
Virksund Havn og Lystbådehavn,0103000020E61000000100000006000000ABE80FCD3C912240BE1248895D4D4C40ABE80FCD3C91224051F86C1D1C4E4C40B3D1393FC599224051F86C1D1C4E4C40B3D1393FC5992240BE1248895D4D4C40A2B3CC2214932240BE1248895D4D4C40ABE80FCD3C912240BE1248895D4D4C40
Hjarbæk Havn,0103000020E61000000100000006000000AA2C0ABB28A2224071395E81E8434C40AA2C0ABB28A222405C3E92921E444C40F6ED2422FCA322405C3E92921E444C40F6ED2422FCA3224071395E81E8434C4039252026E1A2224071395E81E8434C40AA2C0ABB28A2224071395E81E8434C40
Skive,0103000020E6100000010000000600000098A25C1ABF1822401766A19DD3464C4098A25C1ABF1822400AD7A3703D4A4C40A5677A89B12422400AD7A3703D4A4C40A5677A89B12422401766A19DD3464C4044FAEDEBC02122401766A19DD3464C4098A25C1ABF1822401766A19DD3464C40
Holstebro-Struer Havn,0103000020E6100000010000000600000008AC1C5A642B214081221631EC3E4C4008AC1C5A642B214041D3122BA33F4C400F61FC34EE35214041D3122BA33F4C400F61FC34EE35214081221631EC3E4C40AD8905BEA22B214081221631EC3E4C4008AC1C5A642B214081221631EC3E4C40
Handbjerg Marina,0103000020E61000000100000006000000AE47E17A146E2140BE9F1A2FDD3C4C40AE47E17A146E2140EE0912DBDD3D4C4013B70A62A0732140EE0912DBDD3D4C4013B70A62A0732140BE9F1A2FDD3C4C40ED2DE57CB16F2140BE9F1A2FDD3C4C40AE47E17A146E2140BE9F1A2FDD3C4C40
Gyldendal,0103000020E61000000100000006000000240F4416696A21407520EBA9D5494C40240F4416696A2140D122DBF97E4A4C40CDCCCCCCCC6C2140D122DBF97E4A4C40CDCCCCCCCC6C21407520EBA9D5494C40F6D4EAABAB6A21407520EBA9D5494C40240F4416696A21407520EBA9D5494C40
Jegindø Havn,0103000020E610000001000000060000006CB3B112F3442140BB9A3C6535534C406CB3B112F34421405C1C959BA8534C4080B74082E24721405C1C959BA8534C4080B74082E2472140BB9A3C6535534C4068226C787A452140BB9A3C6535534C406CB3B112F3442140BB9A3C6535534C40
Tambohus Naturhavn,0103000020E610000001000000060000001B6327BC042F2140D95BCAF962514C401B6327BC042F214052B81E85EB514C401904560E2D32214052B81E85EB514C401904560E2D322140D95BCAF962514C40A67C08AA462F2140D95BCAF962514C401B6327BC042F2140D95BCAF962514C40
Oddesund Nord,0103000020E610000001000000060000007E737FF5B8172140D122DBF97E4A4C407E737FF5B81721409160AA99B54A4C400AD7A3703D1A21409160AA99B54A4C400AD7A3703D1A2140D122DBF97E4A4C40BAF3C473B6182140D122DBF97E4A4C407E737FF5B8172140D122DBF97E4A4C40
Humlum Fiskerleje,0103000020E610000001000000050000004A404CC2852421403BDF4F8D97464C400E2DB29DEF2721403BDF4F8D97464C400E2DB29DEF272140273108AC1C464C40C59107228B242140273108AC1C464C404A404CC2852421403BDF4F8D97464C40
Venø Havn,0103000020E6100000010000000600000046B6F3FDD438214083C0CAA145464C4046B6F3FDD43821402DB29DEFA7464C40E82FF488D13B21402DB29DEFA7464C40E82FF488D13B214083C0CAA145464C40DBC2F352B139214083C0CAA145464C4046B6F3FDD438214083C0CAA145464C40
Lemvig Havn,0103000020E61000000100000006000000D4449F8F329A20407DB262B83A464C40D4449F8F329A2040A4FD0FB056474C4093E4B9BE0F9F2040A4FD0FB056474C4093E4B9BE0F9F20407DB262B83A464C40D3DC0A61359E20407DB262B83A464C40D4449F8F329A20407DB262B83A464C40
Lemvig Marina,0103000020E61000000100000006000000D7A3703D0A972040F2D24D6210484C40D7A3703D0A972040691EC022BF484C409B90D618749A2040691EC022BF484C409B90D618749A2040F2D24D6210484C4012A1116C5C972040F2D24D6210484C40D7A3703D0A972040F2D24D6210484C40
Ringkøbing Havn,0103000020E61000000100000006000000F71F990E9D7620408333F8FBC50A4C40F71F990E9D762040E4326E6AA00B4C403F0114234B7E2040E4326E6AA00B4C403F0114234B7E20408333F8FBC50A4C4090882991447720408333F8FBC50A4C40F71F990E9D7620408333F8FBC50A4C40
Thorsminde,0103000020E6100000010000000600000098A25C1ABF382040BC783F6EBF2E4C4098A25C1ABF382040FAF19716F52F4C4054742497FF402040FAF19716F52F4C4054742497FF402040BC783F6EBF2E4C40ED9FA701833C2040BC783F6EBF2E4C4098A25C1ABF382040BC783F6EBF2E4C40
Flakfort,0103000020E61000000100000005000000DBF97E6ABC7429401F12BEF737DA4B4066321CCF677829401F12BEF737DA4B4066321CCF6778294068041BD7BFD94B400E9F7422C174294068041BD7BFD94B40DBF97E6ABC7429401F12BEF737DA4B40
Ristinge Havn,0103000020E61000000100000006000000656F29E78B452540E65DF580796A4B40656F29E78B4525409E7C7A6CCB6A4B40A1116C5CFF4625409E7C7A6CCB6A4B40A1116C5CFF462540E65DF580796A4B40A298BC0166462540E65DF580796A4B40656F29E78B452540E65DF580796A4B40
Bagenkop Havn,0103000020E610000001000000060000009CF86A4771562540EBC4E57805604B409CF86A4771562540795C548B88604B4060E5D022DB592540795C548B88604B4060E5D022DB592540EBC4E57805604B404A46CEC29E562540EBC4E57805604B409CF86A4771562540EBC4E57805604B40
Marstal,0103000020E610000001000000060000009B90D618740A2540BF2CEDD45C6C4B409B90D618740A254075029A081B6E4B406F8104C58F11254075029A081B6E4B406F8104C58F112540BF2CEDD45C6C4B4031EA5A7B9F0A2540BF2CEDD45C6C4B409B90D618740A2540BF2CEDD45C6C4B40
Hvide Sande,0103000020E61000000100000006000000F6285C8FC235204096D05D1267FF4B40F6285C8FC2352040E8887C9752014C40240F4416694A2040E8887C9752014C40240F4416694A204096D05D1267FF4B408BC6DADFD936204096D05D1267FF4B40F6285C8FC235204096D05D1267FF4B40
Stauning Fiskeri- og Lystbådehavn,0103000020E61000000100000006000000EE04FBAF73BB2040357C0BEBC6F94B40EE04FBAF73BB20402F3201BF46FA4B40927538BA4ABF20402F3201BF46FA4B40927538BA4ABF2040357C0BEBC6F94B40056D72F8A4BB2040357C0BEBC6F94B40EE04FBAF73BB2040357C0BEBC6F94B40
Bork,0103000020E61000000100000006000000ED48F59D5F8C20400EA0DFF76FEC4B40ED48F59D5F8C2040A8531EDD08ED4B4091B932A836902040A8531EDD08ED4B4091B932A8369020400EA0DFF76FEC4B40268A90BA9D8D20400EA0DFF76FEC4B40ED48F59D5F8C20400EA0DFF76FEC4B40
Skaven Havn,0103000020E61000000100000006000000D6AC33BE2FB6204012F6ED2422F24B40D6AC33BE2FB62040C3F5285C8FF24B40D4449F8F32BA2040C3F5285C8FF24B40D4449F8F32BA204012F6ED2422F24B401AFD683865B6204012F6ED2422F24B40D6AC33BE2FB6204012F6ED2422F24B40
Kolding,0103000020E610000001000000060000004BB0389CF9F5224075CDE49B6DBE4B404BB0389CF9F522405648F949B5BF4B40187D0569C60223405648F949B5BF4B40187D0569C602234075CDE49B6DBE4B4079C9FFE4EFF6224075CDE49B6DBE4B404BB0389CF9F5224075CDE49B6DBE4B40
Grådyb and Esbjerg Harbour,0103000020E61000000100000006000000F853E3A59BA420408195438B6CB74B40F853E3A59BA420404CC45BE7DFC04B400D36751E150721404CC45BE7DFC04B400D36751E150721408195438B6CB74B40724D81CCCEB220408195438B6CB74B40F853E3A59BA420408195438B6CB74B40
Rømø,0103000020E610000001000000060000001F85EB51B81E2140BBD6DEA7AA8A4B401F85EB51B81E2140E4326E6AA08B4B40286552431B282140E4326E6AA08B4B40286552431B282140BBD6DEA7AA8A4B40D6A88768741F2140BBD6DEA7AA8A4B401F85EB51B81E2140BBD6DEA7AA8A4B40
Enstedværket and Aabenraa,0103000020E61000000100000006000000832F4CA60AD6224075B0FECF61824B40832F4CA60AD62240D1AE42CA4F864B406666666666E62240D1AE42CA4F864B406666666666E6224075B0FECF61824B400C76C3B645D9224075B0FECF61824B40832F4CA60AD6224075B0FECF61824B40
Sønderballe Bådehavn,0103000020E61000000100000005000000C2C1DEC490F42240B0FF3A376D904B40C2C1DEC490F422403FA88B14CA904B40B727486C77F722403FA88B14CA904B40B727486C77F722408CF50D4C6E904B40C2C1DEC490F42240B0FF3A376D904B40
Kalvø Havn,0103000020E610000001000000060000005DA8FC6B79ED224049A12C7C7D8F4B405DA8FC6B79ED224024287E8CB98F4B40C8073D9B55EF224024287E8CB98F4B40C8073D9B55EF224049A12C7C7D8F4B4058FFE7305FEE224049A12C7C7D8F4B405DA8FC6B79ED224049A12C7C7D8F4B40
Haderslev Havn,0103000020E61000000100000006000000A04E797423FC2240FA264D83A29F4B40A04E797423FC2240BA86191A4FA04B40A01A2FDD24062340BA86191A4FA04B40A01A2FDD24062340FA264D83A29F4B40A5BE2CEDD4FC2240FA264D83A29F4B40A04E797423FC2240FA264D83A29F4B40
Hejlsminde Lystbådehavn,0103000020E610000001000000060000006F1283C0CA3123407C7F83F6EAAD4B406F1283C0CA312340902DCBD765AE4B40865AD3BCE3342340902DCBD765AE4B40865AD3BCE33423407C7F83F6EAAD4B40A4DE5339ED3123407C7F83F6EAAD4B406F1283C0CA3123407C7F83F6EAAD4B40
Assens,0103000020E6100000010000000600000088BA0F406AC32340124E0B5EF4A14B4088BA0F406AC3234009C4EBFA05A34B409B559FABADC8234009C4EBFA05A34B409B559FABADC82340124E0B5EF4A14B404CDF6B088EC32340124E0B5EF4A14B4088BA0F406AC32340124E0B5EF4A14B40
Agernæs Havn,0103000020E61000000100000006000000D89AADBCE4F72340A2B8E34D7E994B40D89AADBCE4F72340927A4FE5B4994B407A1D71C806FA2340927A4FE5B4994B407A1D71C806FA2340A2B8E34D7E994B40D26EF4311FF82340A2B8E34D7E994B40D89AADBCE4F72340A2B8E34D7E994B40
Bågø Havn og Lystbådehavn,0103000020E61000000100000006000000B4C876BE9F9A23407520EBA9D5A54B40B4C876BE9F9A2340A62897C62FA64B40E9263108AC9C2340A62897C62FA64B40E9263108AC9C23407520EBA9D5A54B4003EFE4D3639B23407520EBA9D5A54B40B4C876BE9F9A23407520EBA9D5A54B40
Årø Havn,0103000020E61000000100000006000000880D164ED2742340F0A7C64B37A14B40880D164ED2742340A2B8E34D7EA14B402A90D959F4762340A2B8E34D7EA14B402A90D959F4762340F0A7C64B37A14B404F594DD713752340F0A7C64B37A14B40880D164ED2742340F0A7C64B37A14B40
Årøsund Havn,0103000020E6100000010000000600000027A089B0E169234076FEEDB25FA14B4027A089B0E1692340F6798CF2CCA14B40211FF46C566D2340F6798CF2CCA14B40211FF46C566D234076FEEDB25FA14B40A7583508736B234076FEEDB25FA14B4027A089B0E169234076FEEDB25FA14B40
Dyvig Bro,0103000020E61000000100000006000000D89AADBCE4672340E25CC30C8D854B40D89AADBCE4672340BDE3141DC9854B40D200DE02096A2340BDE3141DC9854B40D200DE02096A2340E25CC30C8D854B40062D246074692340E25CC30C8D854B40D89AADBCE4672340E25CC30C8D854B40
Dyvig Bådelaug Lystbådehavn,0103000020E610000001000000060000002EA9DA6E826723406891ED7C3F854B402EA9DA6E826723402FDD240681854B40F19E03CB116A23402FDD240681854B40F19E03CB116A23406891ED7C3F854B400EF8FC30426823406891ED7C3F854B402EA9DA6E826723406891ED7C3F854B40
Hardeshøj Færgebro,0103000020E610000001000000060000001904560E2D6223409B374E0AF3804B401904560E2D622340446ADAC534814B4017D9CEF753632340446ADAC534814B4017D9CEF7536323409B374E0AF3804B40F9D9C875536223409B374E0AF3804B401904560E2D6223409B374E0AF3804B40
Ballebro Jollehavn,0103000020E61000000100000006000000F1B913ECBF5623406ADAC534D37F4B40F1B913ECBF562340D6389B8E00804B400EBE30992A582340D6389B8E00804B400EBE30992A5823406ADAC534D37F4B40F2EA1C03B25723406ADAC534D37F4B40F1B913ECBF5623406ADAC534D37F4B40
Gråsten Sejlklubs Havn,0103000020E6100000010000000600000053AF5B04C6322340D5EB1681B1744B4053AF5B04C63223409B374E0AF3744B4014AE47E17A3423409B374E0AF3744B4014AE47E17A342340D5EB1681B1744B407FBE2D58AA332340D5EB1681B1744B4053AF5B04C6322340D5EB1681B1744B40
Egernsund,0103000020E6100000010000000600000051C1E10511312340AC8F87BEBB734B4051C1E10511312340068195438B744B400F61FC34EE352340068195438B744B400F61FC34EE352340AC8F87BEBB734B4059198D7C5E312340AC8F87BEBB734B4051C1E10511312340AC8F87BEBB734B40
Gråsten Havn og Lystbådehavn,0103000020E61000000100000006000000FDDD3B6A4C3023407FDDE9CE13754B40FDDD3B6A4C302340E7FBA9F1D2754B4083C0CAA145362340E7FBA9F1D2754B4083C0CAA1453623407FDDE9CE13754B40C93D5DDDB13023407FDDE9CE13754B40FDDD3B6A4C3023407FDDE9CE13754B40
Mariager Lystbådehavn,0103000020E61000000100000006000000B4C876BE9F3A2340BCE7C07284724B40B4C876BE9F3A23403333333333734B4078B5DC99093E23403333333333734B4078B5DC99093E2340BCE7C07284724B406E52D158FB3B2340BCE7C07284724B40B4C876BE9F3A2340BCE7C07284724B40
Rendbjerg Jollehavn,0103000020E61000000100000006000000E083D72E6D402340E76ED74B53724B40E083D72E6D402340AEBA0ED594724B407009C03FA5422340AEBA0ED594724B407009C03FA5422340E76ED74B53724B40FED478E926412340E76ED74B53724B40E083D72E6D402340E76ED74B53724B40
Sønderborg,0103000020E6100000010000000600000066666666668623405665DF15C1734B40666666666686234035B56CAD2F764B40DEC83CF20793234035B56CAD2F764B40DEC83CF2079323405665DF15C1734B40AEF02E17F18D23405665DF15C1734B4066666666668623405665DF15C1734B40
Sønderborg Lystbådehavn,0103000020E610000001000000060000008C852172FA9223402DB29DEFA7724B408C852172FA922340ED116A8654734B409911DE1E84982340ED116A8654734B409911DE1E849823402DB29DEFA7724B40B5E1B034F09323402DB29DEFA7724B408C852172FA9223402DB29DEFA7724B40
Augustenborg,0103000020E6100000010000000600000021E4BCFF8FBB2340BF2CEDD45C784B4021E4BCFF8FBB23402F6AF7AB00794B40E7C75F5AD4BF23402F6AF7AB00794B40E7C75F5AD4BF2340BF2CEDD45C784B40A3EA573A1FBE2340BF2CEDD45C784B4021E4BCFF8FBB2340BF2CEDD45C784B40
Fynshav Bådehavn,0103000020E610000001000000060000007E737FF5B8F72340FC1C1F2DCE7E4B407E737FF5B8F7234097E13FDD407F4B407B14AE47E1FA234097E13FDD407F4B407B14AE47E1FA2340FC1C1F2DCE7E4B409D12109370F92340FC1C1F2DCE7E4B407E737FF5B8F72340FC1C1F2DCE7E4B40
Høruphav Havn,0103000020E61000000100000006000000F94A202576C52340A4703D0AD7734B40F94A202576C523405470784144744B409CC420B072C823405470784144744B409CC420B072C82340A4703D0AD7734B40917EFB3A70C62340A4703D0AD7734B40F94A202576C52340A4703D0AD7734B40
Mommark Marina,0103000020E6100000010000000600000016A5846055152440D7A3703D0A774B4016A5846055152440164CFC51D4774B4098A25C1ABF182440164CFC51D4774B4098A25C1ABF182440D7A3703D0A774B40D95F764F1E162440D7A3703D0A774B4016A5846055152440D7A3703D0A774B40
Lyø Havn,0103000020E610000001000000060000001D5A643BDF4F24406E85B01A4B864B401D5A643BDF4F2440105839B4C8864B40A5A487A1D5512440105839B4C8864B40A5A487A1D55124406E85B01A4B864B40B2BD16F4DE5024406E85B01A4B864B401D5A643BDF4F24406E85B01A4B864B40
Bøjden Bro,0103000020E6100000010000000600000057056A317830244044183F8D7B8D4B4057056A3178302440927A4FE5B48D4B40C1FEEBDCB4312440927A4FE5B48D4B40C1FEEBDCB431244044183F8D7B8D4B40CEC5DFF60431244044183F8D7B8D4B4057056A317830244044183F8D7B8D4B40
Faldsled Havn,0103000020E61000000100000006000000D578E92631482440F47002D369934B40D578E92631482440C1CAA145B6934B40EA5A7B9FAA4A2440C1CAA145B6934B40EA5A7B9FAA4A2440F47002D369934B4094A2957B81492440F47002D369934B40D578E92631482440F47002D369934B40
Ballen Lystbådehavn,0103000020E61000000100000006000000170D198F52F1244077BE9F1A2F854B40170D198F52F1244029CFBC1C76854B40BFD364C6DBF2244029CFBC1C76854B40BFD364C6DBF2244077BE9F1A2F854B401BD9959691F2244077BE9F1A2F854B40170D198F52F1244077BE9F1A2F854B40
Fjaellebroen,0103000020E61000000100000006000000E083D72E6DC0244089B48D3F51874B40E083D72E6DC02440B9AB5791D1874B40A5677A89B1C42440B9AB5791D1874B40A5677A89B1C4244089B48D3F51874B4053910A630BC1244089B48D3F51874B40E083D72E6DC0244089B48D3F51874B40
Fåborg,0103000020E61000000100000006000000EA5A7B9FAA6A2440F8E0B54B1B884B40EA5A7B9FAA6A24408D0A9C6C038D4B4051C1E105119124408D0A9C6C038D4B4051C1E10511912440F8E0B54B1B884B40E71890BDDE6D2440F8E0B54B1B884B40EA5A7B9FAA6A2440F8E0B54B1B884B40
Avernakø Bådehavn,0103000020E6100000010000000600000053EC681CEA7F2440BE9F1A2FDD844B4053EC681CEA7F24405456D3F544854B40DC2DC901BB8224405456D3F544854B40DC2DC901BB822440BE9F1A2FDD844B408C67D0D03F812440BE9F1A2FDD844B4053EC681CEA7F2440BE9F1A2FDD844B40
Søby Havn,0103000020E610000001000000060000001C261AA4E0812440AAF1D24D62784B401C261AA4E0812440234E27D9EA784B40147AFD497C862440234E27D9EA784B40147AFD497C862440AAF1D24D62784B4076FBAC3253822440AAF1D24D62784B401C261AA4E0812440AAF1D24D62784B40
Ærøskøbing,0103000020E610000001000000060000006F46CD57C9CF2440213D450E11714B406F46CD57C9CF24405470784144744B405C8FC2F528DC24405470784144744B405C8FC2F528DC2440213D450E11714B401A6A1492CCD22440213D450E11714B406F46CD57C9CF2440213D450E11714B40
Birkholm Havn,0103000020E61000000100000006000000C976BE9F1AFF2440C90391459A764B40C976BE9F1AFF24408333F8FBC5764B40E3A59BC4200025408333F8FBC5764B40E3A59BC420002540C90391459A764B406D718DCF64FF2440C90391459A764B40C976BE9F1AFF2440C90391459A764B40
Hjortø Havn,0103000020E6100000010000000600000078616BB6F2FA2440CFF753E3A57B4B4078616BB6F2FA2440C05B2041F17B4B40787AA52C43FC2440C05B2041F17B4B40787AA52C43FC2440CFF753E3A57B4B4047AE9B525EFB2440CFF753E3A57B4B4078616BB6F2FA2440CFF753E3A57B4B40
Drejø Havn,0103000020E61000000100000006000000917EFB3A70DE2440E54350357A7B4B40917EFB3A70DE24406C7C26FBE77B4B40C74B378941E024406C7C26FBE77B4B40C74B378941E02440E54350357A7B4B405281936DE0DE2440E54350357A7B4B40917EFB3A70DE2440E54350357A7B4B40
Drejø Gl. Havn,0103000020E61000000100000006000000F71F990E9DD624400C8FFD2C967C4B40F71F990E9DD62440AA6400A8E27C4B40D89AADBCE4D72440AA6400A8E27C4B40D89AADBCE4D724400C8FFD2C967C4B40C097C28366D724400C8FFD2C967C4B40F71F990E9DD624400C8FFD2C967C4B40
Skarø Havn,0103000020E6100000010000000600000051C1E10511F124401310937021814B4051C1E10511F12440A8C64B3789814B40F9872D3D9AF22440A8C64B3789814B40F9872D3D9AF224401310937021814B40ADF71BEDB8F124401310937021814B4051C1E10511F124401310937021814B40
Vesterrøn,0103000020E610000001000000060000006F46CD57C90F254064AE0CAA0D844B406F46CD57C90F25402BFA43334F844B40170D198F521125402BFA43334F844B40170D198F5211254064AE0CAA0D844B401EA33CF37210254064AE0CAA0D844B406F46CD57C90F254064AE0CAA0D844B40
Rantzausminde Lystbådehavn,0103000020E61000000100000006000000A79201A08A1325405C8FC2F528844B40A79201A08A132540F853E3A59B844B402A90D959F4162540F853E3A59B844B402A90D959F41625405C8FC2F528844B404C4F58E2011525405C8FC2F528844B40A79201A08A1325405C8FC2F528844B40
Strynø,0103000020E6100000010000000600000054E3A59BC4402540D7169E978A734B4054E3A59BC4402540B29DEFA7C6734B40508D976E12432540B29DEFA7C6734B40508D976E12432540D7169E978A734B40F3CAF5B699422540D7169E978A734B4054E3A59BC4402540D7169E978A734B40
Rudkøbing Løb,0103000020E6100000010000000600000048E17A14AE4725403333333333734B4048E17A14AE472540A62897C62F7E4B407B14AE47E17A2540A62897C62F7E4B407B14AE47E17A25403333333333734B40BBD05CA7915625403333333333734B4048E17A14AE4725403333333333734B40
Spodsbjerg Havn,0103000020E6100000010000000500000062105839B4A825402579AEEFC3774B40E6046D72F8AC25402579AEEFC3774B40E6046D72F8AC2540A60EF27A30774B40240ED940BAA82540A60EF27A30774B4062105839B4A825402579AEEFC3774B40
Dageloekke,0103000020E61000000100000005000000B727486C77B72540C74B378941884B40D4449F8F32BA2540C74B378941884B40D4449F8F32BA2540B29DEFA7C6874B40F833BC5983B72540B29DEFA7C6874B40B727486C77B72540C74B378941884B40
Svendborg Sund,0103000020E610000001000000060000007A1D71C8061A2540295C8FC2F5804B407A1D71C8061A2540B0FF3A376D884B40286552431B682540B0FF3A376D884B40286552431B682540295C8FC2F5804B408429CAA5F11B2540295C8FC2F5804B407A1D71C8061A2540295C8FC2F5804B40
Lundeborg Havn,0103000020E6100000010000000600000051C1E10511912540A8C64B3789914B4051C1E105119125402123A0C211924B408716D9CEF79325402123A0C211924B408716D9CEF7932540A8C64B3789914B40EFE192E34E912540A8C64B3789914B4051C1E10511912540A8C64B3789914B40
Lohals Havn,0103000020E6100000010000000600000026FDBD141ECC25403E97A949F0904B4026FDBD141ECC2540B6F3FDD478914B405517F032C3CE2540B6F3FDD478914B405517F032C3CE25403E97A949F0904B4064E76D6C76CC25403E97A949F0904B4026FDBD141ECC25403E97A949F0904B40
Vestbroen,0103000020E61000000100000006000000323CF6B358B2254083C0CAA145A64B40323CF6B358B225407731CD74AFA94B40295C8FC2F5E825407731CD74AFA94B40295C8FC2F5E8254083C0CAA145A64B407592AD2EA7B4254083C0CAA145A64B40323CF6B358B2254083C0CAA145A64B40
Nyborg Avernakke Terminalen and Lindholm Terminalen,0103000020E61000000100000006000000CDCCCCCCCC8C2540465F419AB1A44B40CDCCCCCCCC8C2540CF4E0647C9A74B40C3F5285C8FA22540CF4E0647C9A74B40C3F5285C8FA22540465F419AB1A44B401B81785DBF902540465F419AB1A44B40CDCCCCCCCC8C2540465F419AB1A44B40
Klintebjerg Havn,0103000020E610000001000000060000002DB29DEFA7E6244070B0373124BD4B402DB29DEFA7E624404C37894160BD4B40D66F26A60BE924404C37894160BD4B40D66F26A60BE9244070B0373124BD4B404B8FA67A32E7244070B0373124BD4B402DB29DEFA7E6244070B0373124BD4B40
Odense Harbour and Canal,0103000020E61000000100000006000000EB1D6E8786BD2440AA7EA5F3E1B34B40EB1D6E8786BD24404754A86E2EBC4B4017D9CEF753E324404754A86E2EBC4B4017D9CEF753E32440AA7EA5F3E1B34B40FA804067D2BE2440AA7EA5F3E1B34B40EB1D6E8786BD2440AA7EA5F3E1B34B40
Odense Havn-Lindø,0103000020E61000000100000006000000685DA3E5400725409E7C7A6CCBBA4B40685DA3E54007254043FE99417CBE4B40E17A14AE4721254043FE99417CBE4B40E17A14AE472125409E7C7A6CCBBA4B40481630815B0725409E7C7A6CCBBA4B40685DA3E5400725409E7C7A6CCBBA4B40
Kerteminde Havn,0103000020E61000000100000006000000A913D044D85025407E6E68CA4EB94B40A913D044D85025409FABADD85FBA4B4046B6F3FDD45825409FABADD85FBA4B4046B6F3FDD45825407E6E68CA4EB94B40A6D425E3185125407E6E68CA4EB94B40A913D044D85025407E6E68CA4EB94B40
Bregnoer,0103000020E6100000010000000600000034677DCA31312540E7FBA9F1D2BD4B4034677DCA313125407BA180ED60BE4B40FDA02E52283325407BA180ED60BE4B40FDA02E5228332540E7FBA9F1D2BD4B40B22D03CE52322540E7FBA9F1D2BD4B4034677DCA31312540E7FBA9F1D2BD4B40
Endelave Havn,0103000020E610000001000000060000007D3F355EBA892440E17A14AE47E14B407D3F355EBA892440834D9D47C5E14B40068195438B8C2440834D9D47C5E14B40068195438B8C2440E17A14AE47E14B4052499D80268A2440E17A14AE47E14B407D3F355EBA892440E17A14AE47E14B40
Otterup Lystbådehavn,0103000020E610000001000000060000001D5A643BDFEF24402506819543C34B401D5A643BDFEF2440BABC395CABC34B40861F9C4F1DF32440BABC395CABC34B40861F9C4F1DF324402506819543C34B40E63BF88903F024402506819543C34B401D5A643BDFEF24402506819543C34B40
Bogense,0103000020E61000000100000006000000C1525DC0CB242440DB8651103CC84B40C1525DC0CB242440A1DAE044F4C94B40B29DEFA7C62B2440A1DAE044F4C94B40B29DEFA7C62B2440DB8651103CC84B406954E0641B282440DB8651103CC84B40C1525DC0CB242440DB8651103CC84B40
Fredericia,0103000020E6100000010000000600000088BA0F406A732340FB3A70CE88C64B4088BA0F406A732340AB2006BAF6C74B405F5E807D748A2340AB2006BAF6C74B405F5E807D748A2340FB3A70CE88C64B400B43E4F4F5742340FB3A70CE88C64B4088BA0F406A732340FB3A70CE88C64B40
Strib Havn,0103000020E610000001000000060000006CB3B112F3842340C6BE64E3C1C44B406CB3B112F38423405A643BDF4FC54B409ACDE330988723405A643BDF4FC54B409ACDE33098872340C6BE64E3C1C44B40506D7022FA852340C6BE64E3C1C44B406CB3B112F3842340C6BE64E3C1C44B40
Lyngsodde Ammoniakhavn,0103000020E61000000100000006000000273108AC1C7A23409E7C7A6CCBC24B40273108AC1C7A23402506819543C34B403C139A24967C23402506819543C34B403C139A24967C23409E7C7A6CCBC24B40FC19DEACC17B23409E7C7A6CCBC24B40273108AC1C7A23409E7C7A6CCBC24B40
Kongebro Havn,0103000020E6100000010000000600000079AEEFC3416A234029CFBC1C76C14B4079AEEFC3416A234029B16B7BBBC14B407BBE66B96C6C234029B16B7BBBC14B407BBE66B96C6C234029CFBC1C76C14B40F0DDE68D936A234029CFBC1C76C14B4079AEEFC3416A234029CFBC1C76C14B40
Middelfart Havne,0103000020E61000000100000006000000D505BCCCB07123406F9BA9108FC04B40D505BCCCB0712340A835CD3B4EC14B403E92921E867E2340A835CD3B4EC14B403E92921E867E23406F9BA9108FC04B4004594FADBE7223406F9BA9108FC04B40D505BCCCB07123406F9BA9108FC04B40
Middelfart Marina,0103000020E610000001000000060000005130630AD670234018265305A3BE4B405130630AD67023407B87DBA161BF4B40A1A2EA573A7723407B87DBA161BF4B40A1A2EA573A77234018265305A3BE4B40D158FB3BDB73234018265305A3BE4B405130630AD670234018265305A3BE4B40
Skaerbaek Havn,0103000020E61000000100000006000000C4EC65DB69432340A2B8E34D7EC14B400000000000402340A2B8E34D7EC14B400000000000402340834D9D47C5C14B40C4EC65DB69432340834D9D47C5C14B40C4EC65DB694323400516C09481C14B40C4EC65DB69432340A2B8E34D7EC14B40
Skærbækværket,0103000020E61000000100000006000000B6300BED9C36234062105839B4C04B40B6300BED9C362340A6B5696CAFC14B400000000000402340A6B5696CAFC14B40000000000040234062105839B4C04B401E166A4DF336234062105839B4C04B40B6300BED9C36234062105839B4C04B40
Rosenvold Havn,0103000020E610000001000000060000005930F147519F23406E85B01A4BD64B405930F147519F234035D1E7A38CD64B406F1283C0CAA1234035D1E7A38CD64B406F1283C0CAA123406E85B01A4BD64B40971FB8CA13A023406E85B01A4BD64B405930F147519F23406E85B01A4BD64B40
Brejning Lystbådehavn,0103000020E610000001000000060000008D976E12836023400AD7A3703DD64B408D976E1283602340AEBA0ED594D64B403333333333632340AEBA0ED594D64B4033333333336323400AD7A3703DD64B407BBC900E0F6123400AD7A3703DD64B408D976E12836023400AD7A3703DD64B40
Vejle,0103000020E61000000100000006000000BA9F53909F1523406094A0BFD0D94B40BA9F53909F1523406D382C0DFCDA4B40A913D044D82023406D382C0DFCDA4B40A913D044D82023406094A0BFD0D94B406B6281AFE81623406094A0BFD0D94B40BA9F53909F1523406094A0BFD0D94B40
Juelsminde-Sandbjerg,0103000020E61000000100000006000000DBE044F46B03244059130B7C45DB4B40DBE044F46B032440EB73B515FBDB4B4098DD9387850A2440EB73B515FBDB4B4098DD9387850A244059130B7C45DB4B4056BB26A43506244059130B7C45DB4B40DBE044F46B03244059130B7C45DB4B40
Hjarnø Havn,0103000020E610000001000000060000000000000000202440E9995E622CE94B400000000000202440C520B07268E94B406F1283C0CA212440C520B07268E94B406F1283C0CA212440E9995E622CE94B40441669E21D202440E9995E622CE94B400000000000202440E9995E622CE94B40
Snaptun,0103000020E61000000100000006000000D34D6210581924401B2FDD2406E94B40D34D621058192440B6F3FDD478E94B40AF7B2B12131C2440B6F3FDD478E94B40AF7B2B12131C24401B2FDD2406E94B408CF84ECC7A1924401B2FDD2406E94B40D34D6210581924401B2FDD2406E94B40
Horsens,0103000020E61000000100000006000000AFEAAC16D8B3234098A432C51CEC4B40AFEAAC16D8B32340C45DBD8A8CEE4B405B423EE8D9C42340C45DBD8A8CEE4B405B423EE8D9C4234098A432C51CEC4B406022DE3AFFB6234098A432C51CEC4B40AFEAAC16D8B3234098A432C51CEC4B40
Norsminde Lystbådehavn,0103000020E610000001000000060000009E23F25D4A852440986E1283C0024C409E23F25D4A85244010CB660E49034C40448B6CE7FB89244010CB660E49034C40448B6CE7FB892440986E1283C0024C4026C45C52B5852440986E1283C0024C409E23F25D4A852440986E1283C0024C40
Mårup Havn,0103000020E610000001000000060000000AA359D93E1C25407976F9D687F74B40263ACB2C421925407976F9D687F74B40263ACB2C42192540CF6A813D26F84B400AA359D93E1C2540CF6A813D26F84B400AA359D93E1C25408C31B08EE3F74B400AA359D93E1C25407976F9D687F74B40
Tunø Havn,0103000020E6100000010000000600000004A9143B1AE72440E3E2A8DC44F94B4004A9143B1AE7244058AA0B7899F94B40D122DBF97EEA244058AA0B7899F94B40D122DBF97EEA2440E3E2A8DC44F94B4048C49448A2E72440E3E2A8DC44F94B4004A9143B1AE72440E3E2A8DC44F94B40
Hov Havn,0103000020E61000000100000006000000A7CF0EB8AE8024404643C6A354F44B40A7CF0EB8AE802440C5AD8218E8F44B4061191BBAD9872440C5AD8218E8F44B4061191BBAD98724404643C6A354F44B40D0D4EB16818124404643C6A354F44B40A7CF0EB8AE8024404643C6A354F44B40
Kolby Kås Havn,0103000020E61000000100000006000000AD50A4FB390D25401283C0CAA1E54B40AD50A4FB390D254091ED7C3F35E64B40CA6DFB1EF50F254091ED7C3F35E64B40CA6DFB1EF50F25401283C0CAA1E54B40A1BE654E970D25401283C0CAA1E54B40AD50A4FB390D25401283C0CAA1E54B40
Langør,0103000020E61000000100000006000000F0DB10E3354725401CCD91955FF44B40F0DB10E335472540DBF97E6ABCF44B4025068195434B2540DBF97E6ABCF44B4025068195434B25401CCD91955FF44B404F3E3DB6654825401CCD91955FF44B40F0DB10E3354725401CCD91955FF44B40
Ballen Havn,0103000020E610000001000000050000004D2EC6C03A46254062105839B4E84B4009E066F16249254062105839B4E84B4009E066F162492540CD599F724CE84B408E3A3AAE46462540CD599F724CE84B404D2EC6C03A46254062105839B4E84B40
Sejerø Havn,0103000020E6100000010000000600000018D00B772E44264023DBF97E6AF04B4018D00B772E4426401C40BFEFDFF04B402EA9DA6E824726401C40BFEFDFF04B402EA9DA6E8247264023DBF97E6AF04B40D5415E0F2645264023DBF97E6AF04B4018D00B772E44264023DBF97E6AF04B40
Nekselø Havn,0103000020E610000001000000060000009CF86A477196264096438B6CE7E34B409CF86A47719626405C8FC2F528E44B40D34D6210589926405C8FC2F528E44B40D34D62105899264096438B6CE7E34B40CC2901310997264096438B6CE7E34B409CF86A477196264096438B6CE7E34B40
Odden Færgehavn,0103000020E61000000100000006000000F6285C8FC2952640AC8F87BEBBFB4B40F6285C8FC29526407DCC07043AFD4B401D8EAED2DD9D26407DCC07043AFD4B401D8EAED2DD9D2640AC8F87BEBBFB4B40D1CABDC0AC982640AC8F87BEBBFB4B40F6285C8FC2952640AC8F87BEBBFB4B40
Odden,0103000020E61000000100000006000000B6BFB33D7ABB26405470784144FC4B40B6BFB33D7ABB2640E318C91EA1FC4B40E7C75F5AD4BF2640E318C91EA1FC4B40E7C75F5AD4BF26405470784144FC4B404CA7751BD4BE26405470784144FC4B40B6BFB33D7ABB26405470784144FC4B40
Rørvig Havn,0103000020E610000001000000050000009ACDE3309887274061E124CD1FF94B40240F4416698A274061E124CD1FF94B40240F4416698A2740713D0AD7A3F84B4042075DC2A1872740713D0AD7A3F84B409ACDE3309887274061E124CD1FF94B40
Hundested,0103000020E610000001000000060000004582A966D6AA27401904560E2DFA4B404582A966D6AA2740A4703D0AD7FB4B40F9872D3D9AB22740A4703D0AD7FB4B40F9872D3D9AB227401904560E2DFA4B408481E7DEC3AD27401904560E2DFA4B404582A966D6AA27401904560E2DFA4B40
Lynaes,0103000020E610000001000000060000002997C62FBCBA27405C8FC2F528F84B402997C62FBCBA274006F4C29D0BF94B40E5D022DBF9BE274006F4C29D0BF94B40E5D022DBF9BE27405C8FC2F528F84B405C38109205BC27405C8FC2F528F84B402997C62FBCBA27405C8FC2F528F84B40
Kulhuse Havn,0103000020E610000001000000060000008ECBB8A981CE27405C1C959BA8F74B408ECBB8A981CE27409F03CB1132F84B401904560E2DD227409F03CB1132F84B401904560E2DD227405C1C959BA8F74B40F2D24D6210D027405C1C959BA8F74B408ECBB8A981CE27405C1C959BA8F74B40
Frederiksværk Stålvalseværk and Marina,0103000020E61000000100000006000000CDCCCCCCCCFC2740A054FB743CFA4B40CDCCCCCCCCFC2740AB09A2EE03FC4B40B5A679C7290A2840AB09A2EE03FC4B40B5A679C7290A2840A054FB743CFA4B4096236420CFFE2740A054FB743CFA4B40CDCCCCCCCCFC2740A054FB743CFA4B40
Frederikssund Lystbådehavn,0103000020E6100000010000000600000096438B6CE71B2840D95BCAF962E94B4096438B6CE71B28401904560E2DEA4B40A14CA3C9C52028401904560E2DEA4B40A14CA3C9C5202840D95BCAF962E94B402A1BD654161D2840D95BCAF962E94B4096438B6CE71B2840D95BCAF962E94B40
Frederikssund Havn,0103000020E610000001000000060000008061F9F36D192840CB14731074EA4B408061F9F36D19284008AC1C5A64EB4B40574277499C1D284008AC1C5A64EB4B40574277499C1D2840CB14731074EA4B40F67D3848881A2840CB14731074EA4B408061F9F36D192840CB14731074EA4B40
Skuldelev,0103000020E6100000010000000500000075C7629B541C2840DFDC5F3DEEE54B40AB251DE5601E2840DFDC5F3DEEE54B40AB251DE5601E2840F6285C8FC2E54B40EA5BE674591C2840F6285C8FC2E54B4075C7629B541C2840DFDC5F3DEEE54B40
Kyndbyværkets Havn,0103000020E61000000100000006000000054D4BAC8CBE274096D05D1267E74B40054D4BAC8CBE2740B81E85EB51E84B40F65CA626C1C32740B81E85EB51E84B40F65CA626C1C3274096D05D1267E74B40ACA92C0ABBC0274096D05D1267E74B40054D4BAC8CBE274096D05D1267E74B40
Nykøbing Sjælland Lystbådehavn,0103000020E6100000010000000600000016A5846055552740FE614B8FA6F44B4016A58460555527403D0AD7A370F54B407C0BEBC6BB5B27403D0AD7A370F54B407C0BEBC6BB5B2740FE614B8FA6F44B40035B25581C562740FE614B8FA6F44B4016A5846055552740FE614B8FA6F44B40
Orø Havn,0103000020E610000001000000050000005FEE93A3009927403E97A949F0E04B40B6BFB33D7A9B27403E97A949F0E04B40B6BFB33D7A9B2740795C548B88E04B4029965B5A0D992740795C548B88E04B405FEE93A3009927403E97A949F0E04B40
Holbæk Marina,0103000020E6100000010000000500000069C537143E832740931804560EDD4B400E2DB29DEF872740931804560EDD4B400E2DB29DEF8727405470784144DC4B407DE9EDCF458327405470784144DC4B4069C537143E832740931804560EDD4B40
Holbæk Havn,0103000020E61000000100000006000000295C8FC2F56827404772F90FE9DB4B40295C8FC2F5682740D5EB1681B1DC4B40A1BDFA78E8732740D5EB1681B1DC4B40A1BDFA78E87327404772F90FE9DB4B405B7A34D5936927404772F90FE9DB4B40295C8FC2F56827404772F90FE9DB4B40
Hørby Lystbådehavn,0103000020E610000001000000060000005EBA490C026B2740C493DDCCE8DD4B407C48F8DEDF682740C493DDCCE8DD4B407C48F8DEDF68274091ED7C3F35DE4B405EBA490C026B274091ED7C3F35DE4B405EBA490C026B2740015130630ADE4B405EBA490C026B2740C493DDCCE8DD4B40
Gershøj Havn,0103000020E6100000010000000500000024EF1CCA50F5274028B7ED7BD4DB4B40804754A86EF6274028B7ED7BD4DB4B40804754A86EF62740BA9F53909FDB4B40A12DE7525CF52740BA9F53909FDB4B4024EF1CCA50F5274028B7ED7BD4DB4B40
Nordhammer Havn,0103000020E610000001000000060000001AFB928D07B32740143FC6DCB5E04B401AFB928D07B32740055262D7F6E04B4032772D211FB42740055262D7F6E04B4032772D211FB42740143FC6DCB5E04B40C0E78711C2B32740143FC6DCB5E04B401AFB928D07B32740143FC6DCB5E04B40
Østby Havn,0103000020E610000001000000060000003F0114234B1E2840153B1A87FADF4B403F0114234B1E2840A2D288997DE04B40E17A14AE47212840A2D288997DE04B40E17A14AE47212840153B1A87FADF4B40032670EB6E1E2840153B1A87FADF4B403F0114234B1E2840153B1A87FADF4B40
Jyllinge Lystbådehavn,0103000020E610000001000000060000006F46CD57C92F2840D7A3703D0ADF4B406F46CD57C92F284041D3122BA3DF4B4053AF5B04C632284041D3122BA3DF4B4053AF5B04C6322840D7A3703D0ADF4B4005A568E55E302840D7A3703D0ADF4B406F46CD57C92F2840D7A3703D0ADF4B40
Jyllinge Nordhavn,0103000020E61000000100000006000000768A5583302F2840BE1248895DE14B40768A5583302F2840A8C64B3789E14B408A75AA7CCF302840A8C64B3789E14B408A75AA7CCF302840BE1248895DE14B40643BDF4F8D2F2840BE1248895DE14B40768A5583302F2840BE1248895DE14B40
Roskilde Havn,0103000020E61000000100000006000000BDA8DDAF022428407B14AE47E1D24B40BDA8DDAF02242840B29DEFA7C6D34B405DC30C8D272A2840B29DEFA7C6D34B405DC30C8D272A28407B14AE47E1D24B4048197101682428407B14AE47E1D24B40BDA8DDAF022428407B14AE47E1D24B40
Veddelev Lystbadehavn,0103000020E61000000100000006000000E17A14AE4721284043FE99417CD64B40E17A14AE47212840BA490C022BD74B409E23F25D4A252840BA490C022BD74B409E23F25D4A25284043FE99417CD64B40088ECBB8A921284043FE99417CD64B40E17A14AE4721284043FE99417CD64B40
Herslev Havn,0103000020E6100000010000000600000062105839B4F82740A08D5C37A5D64B4062105839B4F82740F4FDD478E9D64B407B14AE47E1FA2740F4FDD478E9D64B407B14AE47E1FA2740A08D5C37A5D64B40289B728577F92740A08D5C37A5D64B4062105839B4F82740A08D5C37A5D64B40
Mosede Fiskerihavn,0103000020E610000001000000060000005649641F64912840802A6EDC62C84B405649641F6491284086C954C1A8C84B40FC53AA44D993284086C954C1A8C84B40FC53AA44D9932840802A6EDC62C84B40E38920CEC3912840802A6EDC62C84B405649641F64912840802A6EDC62C84B40
Havnsø Havn,0103000020E610000001000000060000003333333333A326403108AC1C5AE04B403333333333A3264001A60C1CD0E04B4053B29C84D2A7264001A60C1CD0E04B4053B29C84D2A726403108AC1C5AE04B4012876C205DA426403108AC1C5AE04B403333333333A326403108AC1C5AE04B40
Røsnæs Havn,0103000020E6100000010000000600000015E2917879E22540164CFC51D4DF4B4015E2917879E22540A4E36A6457E04B40D8D7BAD408E52540A4E36A6457E04B40D8D7BAD408E52540164CFC51D4DF4B40B0C8AF1F62E32540164CFC51D4DF4B4015E2917879E22540164CFC51D4DF4B40
Kalundborg Asnæsværket and Statoil,0103000020E610000001000000060000000000000000002640D52137C30DD44B4000000000000026405C8FC2F528DC4B4000000000004026405C8FC2F528DC4B400000000000402640D52137C30DD44B406458C51B99072640D52137C30DD44B400000000000002640D52137C30DD44B40
Mullerup Havn,0103000020E610000001000000060000007E737FF5B8572640C26856B60FBF4B407E737FF5B857264096D05D1267BF4B405B9885764E5B264096D05D1267BF4B405B9885764E5B2640C26856B60FBF4B40B1355B79C9572640C26856B60FBF4B407E737FF5B8572640C26856B60FBF4B40
Reersø Fiskerihavn,0103000020E6100000010000000600000043572250FD3B2640355EBA490CC24B4043572250FD3B2640EE7C3F355EC24B407171546EA23E2640EE7C3F355EC24B407171546EA23E2640355EBA490CC24B40F5A0A014AD3C2640355EBA490CC24B4043572250FD3B2640355EBA490CC24B40
Østbroen,0103000020E610000001000000060000007A1D71C806FA2540F8E0B54B1BA84B407A1D71C806FA25403BDF4F8D97AE4B40713D0AD7A33026403BDF4F8D97AE4B40713D0AD7A3302640F8E0B54B1BA84B40FEB8FDF2C9FA2540F8E0B54B1BA84B407A1D71C806FA2540F8E0B54B1BA84B40
Bisserup Havn,0103000020E6100000010000000600000022C2BF081AFB2640CB2E185C73994B4022C2BF081AFB26407731CD74AF994B400AA359D93EFC26407731CD74AF994B400AA359D93EFC2640CB2E185C73994B4019E3C3EC65FB2640CB2E185C73994B4022C2BF081AFB2640CB2E185C73994B40
Stigsnæsværket and Gulfhavn,0103000020E61000000100000006000000BA15C26A2C792640295C8FC2F5984B40BA15C26A2C7926403B527DE7179B4B40213EB0E3BF8826403B527DE7179B4B40213EB0E3BF882640295C8FC2F5984B40D6E3BED53A792640295C8FC2F5984B40BA15C26A2C792640295C8FC2F5984B40
Agersø Havn,0103000020E6100000010000000600000017F2086EA46426407506465ED69A4B4017F2086EA4642640512FF834279B4B40A8C4758C2B662640512FF834279B4B40A8C4758C2B6626407506465ED69A4B403B6F63B3236526407506465ED69A4B4017F2086EA46426407506465ED69A4B40
Skælskør,0103000020E61000000100000006000000B81E85EB5168264035EF3845479E4B40B81E85EB51682640E3A9471ADCA04B40685DA3E540972640E3A9471ADCA04B40685DA3E54097264035EF3845479E4B400B9C6C037768264035EF3845479E4B40B81E85EB5168264035EF3845479E4B40
Korsør and Marina,0103000020E610000001000000060000005EF58079C83C26408B6CE7FBA9A94B405EF58079C83C2640C1A8A44E40AB4B40CEC3094CA74D2640C1A8A44E40AB4B40CEC3094CA74D26408B6CE7FBA9A94B40E8305F5E803D26408B6CE7FBA9A94B405EF58079C83C26408B6CE7FBA9A94B40
Omø Kirkehavn,0103000020E6100000010000000600000037894160E5502640F6285C8FC2954B4037894160E5502640B45549641F964B403333333333532640B45549641F964B403333333333532640F6285C8FC2954B407A8CF2CCCB512640F6285C8FC2954B4037894160E5502640F6285C8FC2954B40
Onsevig Havn,0103000020E61000000100000006000000F6285C8FC23526401B2FDD2406794B40F6285C8FC2352640D95BCAF962794B407A1D71C8063A2640D95BCAF962794B407A1D71C8063A26401B2FDD2406794B409F8EC70C543626401B2FDD2406794B40F6285C8FC23526401B2FDD2406794B40
Vejro,0103000020E61000000100000006000000E5D022DBF9BE2640629D2ADF33844B40E5D022DBF9BE2640E9263108AC844B40E17A14AE47C12640E9263108AC844B40E17A14AE47C12640629D2ADF33844B40D4F02DAC1BBF2640629D2ADF33844B40E5D022DBF9BE2640629D2ADF33844B40
Kragenæs Havn,0103000020E61000000100000006000000C170AE6186B6264072193735D0744B40C170AE6186B62640B0C8AF1F62754B4036E50AEF72B92640B0C8AF1F62754B4036E50AEF72B9264072193735D0744B40F1845E7F12B7264072193735D0744B40C170AE6186B6264072193735D0744B40
Vesterby,0103000020E610000001000000060000001D8EAED2DDBD26405000C5C892774B401D8EAED2DDBD26400E2DB29DEF774B40C74B378941C026400E2DB29DEF774B40C74B378941C026405000C5C892774B402C7DE882FABE26405000C5C892774B401D8EAED2DDBD26405000C5C892774B40
Dybvig Havn,0103000020E6100000010000000600000056F5F23B4DDE264062BF27D6A9784B4056F5F23B4DDE26400C022B8716794B4055302AA913E026400C022B8716794B4055302AA913E0264062BF27D6A9784B40323A2009FBDE264062BF27D6A9784B4056F5F23B4DDE264062BF27D6A9784B40
Femø Havn,0103000020E61000000100000006000000A4897780270527404643C6A3547C4B40A4897780270527400C8FFD2C967C4B4049D8B793880827400C8FFD2C967C4B4049D8B793880827404643C6A3547C4B4058FFE7305F0627404643C6A3547C4B40A4897780270527404643C6A3547C4B40
Næstved and Karrebæksminde,0103000020E61000000100000006000000740CC85EEF2E2740210725CCB4914B40740CC85EEF2E27403D0AD7A3709D4B404BB0389CF98527403D0AD7A3709D4B404BB0389CF9852740210725CCB4914B40488AC8B08A472740210725CCB4914B40740CC85EEF2E2740210725CCB4914B40
Orehoved Havn,0103000020E61000000100000006000000FA7E6ABC74B3274051BCCADAA67A4B40FA7E6ABC74B32740C139234A7B7B4B40452E3883BFB72740C139234A7B7B4B40452E3883BFB7274051BCCADAA67A4B40D55DD90583B3274051BCCADAA67A4B40FA7E6ABC74B3274051BCCADAA67A4B40
Gåbense Lystbådehavn,0103000020E610000001000000060000005184D4EDECC3274080BBECD79D784B40C84274081CC1274080BBECD79D784B40C84274081CC12740213D450E11794B405184D4EDECC32740213D450E11794B405184D4EDECC32740B6BB07E8BE784B405184D4EDECC3274080BBECD79D784B40
Sortsø Lystbådehavn,0103000020E61000000100000006000000DCF0BBE996F52740931804560E754B40DCF0BBE996F527405456D3F544754B402B8716D9CEF727405456D3F544754B402B8716D9CEF72740931804560E754B405E656D533CF62740931804560E754B40DCF0BBE996F52740931804560E754B40
Masnedø Gødningshavn,0103000020E610000001000000060000000E2DB29DEFC72740C5AD8218E87C4B400E2DB29DEFC7274045292158557D4B402506819543CB274045292158557D4B402506819543CB2740C5AD8218E87C4B409EB64604E3C82740C5AD8218E87C4B400E2DB29DEFC72740C5AD8218E87C4B40
Vordingborg Sydhavn,0103000020E6100000010000000A000000AAF1D24D62D02740CF6A813D26804B40FFCBB56801D22740CF6A813D26804B40FFCBB56801D227400839EFFFE37E4B400AA359D93EBC27400839EFFFE37E4B400AA359D93EBC2740234E27D9EA804B40FFCBB56801D22740234E27D9EA804B40FFCBB56801D22740691EC022BF804B40AAF1D24D62D02740691EC022BF804B40AAF1D24D62D02740DFA7AAD040804B40AAF1D24D62D02740CF6A813D26804B40
Vordingborg Nordhavn,0103000020E61000000100000006000000AAF1D24D62D02740CF6A813D26804B40AAF1D24D62D02740691EC022BF804B407E737FF5B8D72740691EC022BF804B407E737FF5B8D72740CF6A813D26804B400A849D62D5D02740CF6A813D26804B40AAF1D24D62D02740CF6A813D26804B40
Skåninge Bro,0103000020E610000001000000060000003AE8120EBD0D2840164CFC51D4774B403AE8120EBD0D2840060E68E90A784B40C976BE9F1A0F2840060E68E90A784B40C976BE9F1A0F2840164CFC51D4774B40645C7171540E2840164CFC51D4774B403AE8120EBD0D2840164CFC51D4774B40
Skansen Havn,0103000020E6100000010000000600000023DBF97E6AFC27405C1C959BA8774B4023DBF97E6AFC2740B9AB5791D1774B4024D236FE44FD2740B9AB5791D1774B4024D236FE44FD27405C1C959BA8774B405B99F04BFDFC27405C1C959BA8774B4023DBF97E6AFC27405C1C959BA8774B40
Stubbekøbing Havn,0103000020E61000000100000005000000BC5B59A2B3142840AEBA0ED594724B40B6F3FDD478192840AEBA0ED594724B40B6F3FDD4781928402F50526001724B40C7F2AE7AC01428402F50526001724B40BC5B59A2B3142840AEBA0ED594724B40
Bogø Havn,0103000020E61000000100000006000000BA15C26A2C192840D5EB1681B1744B40BA15C26A2C192840A245B6F3FD744B402828452BF71A2840A245B6F3FD744B402828452BF71A2840D5EB1681B1744B40BB809719361A2840D5EB1681B1744B40BA15C26A2C192840D5EB1681B1744B40
Hårbølle Havn,0103000020E6100000010000000600000034A2B437F842284036CD3B4ED1714B4034A2B437F8422840FC1873D712724B407CD2890453452840FC1873D712724B407CD289045345284036CD3B4ED1714B40A29BFD817243284036CD3B4ED1714B4034A2B437F842284036CD3B4ED1714B40
Stege,0103000020E61000000100000006000000931804560E8D284029CFBC1C767D4B40931804560E8D284027A435069D7E4B4053AF5B04C692284027A435069D7E4B4053AF5B04C692284029CFBC1C767D4B4098BD6C3B6D8D284029CFBC1C767D4B40931804560E8D284029CFBC1C767D4B40
Kalvehave Havn,0103000020E61000000100000006000000DA0242EBE1532840D1950854FF7E4B40DA0242EBE153284041D3122BA37F4B40D7A3703D0A57284041D3122BA37F4B40D7A3703D0A572840D1950854FF7E4B4082FE428F18552840D1950854FF7E4B40DA0242EBE1532840D1950854FF7E4B40
Nyord,0103000020E61000000100000006000000A79201A08A63284046B6F3FDD4844B40A9BD88B66362284046B6F3FDD4844B40A9BD88B66362284077BE9F1A2F854B40A79201A08A63284077BE9F1A2F854B40A79201A08A632840904FC8CEDB844B40A79201A08A63284046B6F3FDD4844B40
Kindvig Havn,0103000020E6100000010000000600000055DAE21A9F412840A839799109864B4055DAE21A9F4128407DB262B83A864B40A379008BFC4228407DB262B83A864B40A379008BFC422840A839799109864B40AFE9414129422840A839799109864B4055DAE21A9F412840A839799109864B40
Sandvig Fiskerihavn,0103000020E610000001000000060000001F85EB51B83E28405000C5C892874B401F85EB51B83E2840164CFC51D4874B400000000000402840164CFC51D4874B4000000000004028405000C5C892874B4095B9F946743F28405000C5C892874B401F85EB51B83E28405000C5C892874B40
Jungshoved Kirkehavn,0103000020E610000001000000060000005D86FF74033D28401904560E2D8A4B405D86FF74033D2840D73043E3898A4B40CC988235CE3E2840D73043E3898A4B40CC988235CE3E28401904560E2D8A4B40EDB8E177D33D28401904560E2D8A4B405D86FF74033D28401904560E2D8A4B40
Stavreby Bådehavn,0103000020E610000001000000060000002A53CC41D0492840355EBA490C8A4B402A53CC41D049284011E50B5A488A4B403E3E213B6F4B284011E50B5A488A4B403E3E213B6F4B2840355EBA490C8A4B40ED9925016A4A2840355EBA490C8A4B402A53CC41D0492840355EBA490C8A4B40
Præstø Havn,0103000020E61000000100000006000000A04E79742314284040C23060C98F4B40A04E7974231428408DB5BFB33D904B40BC404981051828408DB5BFB33D904B40BC4049810518284040C23060C98F4B403F912749D714284040C23060C98F4B40A04E79742314284040C23060C98F4B40
Faxe Ladeplads Havn,0103000020E61000000100000006000000207C28D1924F2840FC1C1F2DCE9A4B40207C28D1924F284060B1868BDC9B4B40685DA3E54057284060B1868BDC9B4B40685DA3E540572840FC1C1F2DCE9A4B406BEF535568502840FC1C1F2DCE9A4B40207C28D1924F2840FC1C1F2DCE9A4B40
Køge,0103000020E6100000010000000600000096438B6CE75B2840A0A70183A4B94B4096438B6CE75B28401AA20A7F86BD4B40B4C876BE9F7A28401AA20A7F86BD4B40B4C876BE9F7A2840A0A70183A4B94B4072A609DB4F5E2840A0A70183A4B94B4096438B6CE75B2840A0A70183A4B94B40
Boegeskov Fiskerihavn,0103000020E6100000010000000600000053AF5B04C6D22840CF84268925AF4B4053AF5B04C6D2284048E17A14AEAF4B400CCB9F6F0BD6284048E17A14AEAF4B400CCB9F6F0BD62840CF84268925AF4B4080F3E2C457D32840CF84268925AF4B4053AF5B04C6D22840CF84268925AF4B40
Rødvig,0103000020E6100000010000000600000090F63FC05ABD2840EAB303AE2BA04B4090F63FC05ABD2840713D0AD7A3A04B40355EBA490CC22840713D0AD7A3A04B40355EBA490CC22840EAB303AE2BA04B40317DAF2138BE2840EAB303AE2BA04B4090F63FC05ABD2840EAB303AE2BA04B40
Klintholm,0103000020E61000000100000006000000EA5A7B9FAAEA2840CB2E185C73794B40EA5A7B9FAAEA28409FABADD85F7A4B40C7BAB88D06F028409FABADD85F7A4B40C7BAB88D06F02840CB2E185C73794B409D82FC6CE4EA2840CB2E185C73794B40EA5A7B9FAAEA2840CB2E185C73794B40
Hundige,0103000020E610000001000000060000006BF0BE2A17B228402B14E97E4ECB4B406BF0BE2A17B22840E9263108ACCC4B409FE6E44526B82840E9263108ACCC4B409FE6E44526B828402B14E97E4ECB4B409CC24A0515B528402B14E97E4ECB4B406BF0BE2A17B228402B14E97E4ECB4B40
Ishøj - Vallensbæk,0103000020E61000000100000006000000C520B07268C1284070D234289ACD4B40C520B07268C1284018778368ADCE4B403AE8120EBDCD284018778368ADCE4B403AE8120EBDCD284070D234289ACD4B40B03C484F91C3284070D234289ACD4B40C520B07268C1284070D234289ACD4B40
Brøndby Lystbådehavn,0103000020E61000000100000006000000CAFE791A30E02840AED4B32094CD4B40CAFE791A30E02840A6B915C26ACE4B4017838769DFE42840A6B915C26ACE4B4017838769DFE42840AED4B32094CD4B40AE7FD767CEE22840AED4B32094CD4B40CAFE791A30E02840AED4B32094CD4B40
Dragør Havn,0103000020E610000001000000060000009833DB15FA5829401FF818AC38CB4B409833DB15FA582940BF7D1D3867CC4B40FE99417C605F2940BF7D1D3867CC4B40FE99417C605F29401FF818AC38CB4B40427C60C77F5929401FF818AC38CB4B409833DB15FA5829401FF818AC38CB4B40
København,0103000020E61000000100000006000000AF3E1EFAEEEE2840BBD6DEA7AACA4B40AF3E1EFAEEEE2840FE47A643A7DD4B4051C1E10511512940FE47A643A7DD4B4051C1E10511512940BBD6DEA7AACA4B40118E59F624F02840BBD6DEA7AACA4B40AF3E1EFAEEEE2840BBD6DEA7AACA4B40
Skovshoved,0103000020E61000000100000005000000CF8250DEC7312940083C3080F0E14B4008008E3D7B362940083C3080F0E14B4008008E3D7B3629403FFF3D78EDE04B4033E02C25CB3129403FFF3D78EDE04B40CF8250DEC7312940083C3080F0E14B40
Barakkebroen,0103000020E6100000010000000600000007B5DFDA897A29409A266C3F19D54B4007B5DFDA897A29402FDD240681D54B4038BD8BF7E37E29402FDD240681D54B4038BD8BF7E37E29409A266C3F19D54B4006BB61DBA27C29409A266C3F19D54B4007B5DFDA897A29409A266C3F19D54B40
Vedbæk,0103000020E610000001000000060000004F1E166A4D23294000732D5A80EC4B404F1E166A4D23294085EB51B81EED4B4061191BBAD927294085EB51B81EED4B4061191BBAD927294000732D5A80EC4B40956588635D24294000732D5A80EC4B404F1E166A4D23294000732D5A80EC4B40
Taarbæk,0103000020E6100000010000000600000091B932A836302940D5EB1681B1E44B4091B932A836302940B680D07AF8E44B40A5A487A1D5312940B680D07AF8E44B40A5A487A1D5312940D5EB1681B1E44B401F2FA4C343302940D5EB1681B1E44B4091B932A836302940D5EB1681B1E44B40
Rungsted,0103000020E6100000010000000600000016A5846055152940317BD976DAF04B4016A58460551529408B6CE7FBA9F14B404069A851481A29408B6CE7FBA9F14B404069A851481A2940317BD976DAF04B4038143E5B07172940317BD976DAF04B4016A5846055152940317BD976DAF04B40
Sletten,0103000020E61000000100000005000000C520B072681129401F12BEF737FA4B4014AE47E17A1429401F12BEF737FA4B4014AE47E17A14294067F3380CE6F94B407217618A7211294067F3380CE6F94B40C520B072681129401F12BEF737FA4B40
Nivå Havn,0103000020E6100000010000000600000099654F029B0B29400E2DB29DEFF74B4099654F029B0B2940B0FF3A376DF84B40C520B07268112940B0FF3A376DF84B40C520B072681129400E2DB29DEFF74B40DFBF7971E20B29400E2DB29DEFF74B4099654F029B0B29400E2DB29DEFF74B40
Helsingør,0103000020E61000000100000016000000200C3CF71E4E29409961A3ACDFFE4B40AAD72D02634D2940BA6B09F9A0FB4B4034A2B437F8F22840BA6B09F9A0FB4B4034A2B437F8F22840081F4AB4E4074C40487023658B442940081F4AB4E4074C40541D7233DC482940AF43352559074C40C8CF46AE9B4A2940EB8D5A61FA064C4029931ADA004C29407711A62897064C403D44A33B884D294066BE839F38064C40D316D7F84C4E2940D311C0CDE2054C403B8DB454DE4E29405589B2B794054C40F0C34142944F2940CBD765F84F054C40369204E10A5029408A5759DB14054C40DB6FED4449502940143FC6DCB5044C40CC5F217365502940B3EDB43522044C40910BCEE0EF4F29407A36AB3E57034C40EFC8586DFE4F2940E44BA8E0F0024C40B20E4757E94E294011E0F42EDE014C40C1E44691B54E29407A53910A63014C40E94482A9664E2940E5B9BE0F07014C40DFC5FB71FB4D2940E811A3E716004C40200C3CF71E4E29409961A3ACDFFE4B40
Christiansø,0103000020E61000000100000006000000C4AF58C345562E4000732D5A80A84B40C4AF58C345562E40501A6A1492AA4B401283C0CAA1652E40501A6A1492AA4B401283C0CAA1652E4000732D5A80A84B40946C753925582E4000732D5A80A84B40C4AF58C345562E4000732D5A80A84B40
Svaneke Havn,0103000020E61000000100000006000000B6F3FDD478492E40F775E09C11914B40B6F3FDD478492E40D28DB0A888914B40CF108E59F64C2E40D28DB0A888914B40CF108E59F64C2E40F775E09C11914B408DB5BFB33D4A2E40F775E09C11914B40B6F3FDD478492E40F775E09C11914B40
Aarsdale Havn,0103000020E61000000100000006000000295C8FC2F5482E40FE47A643A78D4B40295C8FC2F5482E40C382FB010F8E4B40CDCCCCCCCC4C2E40C382FB010F8E4B40CDCCCCCCCC4C2E40FE47A643A78D4B4022DE3AFF76492E40FE47A643A78D4B40295C8FC2F5482E40FE47A643A78D4B40
Snogebæk,0103000020E61000000100000006000000E9263108AC3C2E403B527DE717834B40E9263108AC3C2E400FBA84436F834B40207C28D1923F2E400FBA84436F834B40207C28D1923F2E403B527DE717834B40B77D8FFAEB3D2E403B527DE717834B40E9263108AC3C2E403B527DE717834B40
Boderne Havn,0103000020E610000001000000060000001CEBE2361AD02D403562669FC7824B40E4D9E55B1FCE2D403562669FC7824B40E4D9E55B1FCE2D406D382C0DFC824B401CEBE2361AD02D406D382C0DFC824B401CEBE2361AD02D402AA73D25E7824B401CEBE2361AD02D403562669FC7824B40
Arnager,0103000020E61000000100000006000000D029C8CF468E2D40492A53CC41864B40D029C8CF468E2D40A3737E8AE3864B403ACD02ED0E912D40A3737E8AE3864B403ACD02ED0E912D40492A53CC41864B40B58CD47B2A8F2D40492A53CC41864B40D029C8CF468E2D40492A53CC41864B40
Rønne,0103000020E610000001000000060000001424B6BB07582D40ACA92C0ABB8A4B401424B6BB07582D407CEE04FBAF8D4B40F46C567DAE662D407CEE04FBAF8D4B40F46C567DAE662D40ACA92C0ABB8A4B40CD57C9C7EE5A2D40ACA92C0ABB8A4B401424B6BB07582D40ACA92C0ABB8A4B40
Nexø Havn,0103000020E6100000010000000600000034677DCA31412E40D1950854FF864B4034677DCA31412E406A2FA2ED98884B40B6F3FDD478492E406A2FA2ED98884B40B6F3FDD478492E40D1950854FF864B408E1F2A8D98412E40D1950854FF864B4034677DCA31412E40D1950854FF864B40
Listed Havn,0103000020E6100000010000000600000084B7072120372E40C3F5285C8F924B4084B7072120372E40894160E5D0924B40B3D1393FC5392E40894160E5D0924B40B3D1393FC5392E40C3F5285C8F924B401BD7BFEB33372E40C3F5285C8F924B4084B7072120372E40C3F5285C8F924B40
Nørresand Havn,0103000020E61000000100000006000000CEC3094CA7ED2D40029EB470599B4B40CEC3094CA7ED2D40BABC395CAB9B4B406F46CD57C9EF2D40BABC395CAB9B4B406F46CD57C9EF2D40029EB470599B4B409E45EF54C0ED2D40029EB470599B4B40CEC3094CA7ED2D40029EB470599B4B40
Gudhjem Havn,0103000020E61000000100000006000000C32973F38DF02D40508D976E129B4B40C32973F38DF02D40F47002D3699B4B406DE7FBA9F1F22D40F47002D3699B4B406DE7FBA9F1F22D40508D976E129B4B407B82C476F7F02D40508D976E129B4B40C32973F38DF02D40508D976E129B4B40
Melsted Havn,0103000020E61000000100000006000000BC74931804F62D40355EBA490C9A4B40BC74931804F62D40D94125AE639A4B40B727486C77F72D40D94125AE639A4B40B727486C77F72D40355EBA490C9A4B405DA45016BEF62D40355EBA490C9A4B40BC74931804F62D40355EBA490C9A4B40
Tejn,0103000020E61000000100000006000000240F441669AA2D405000C5C8929F4B40240F441669AA2D40CF6A813D26A04B405B5B785E2AAE2D40CF6A813D26A04B405B5B785E2AAE2D405000C5C8929F4B40A3CB9BC3B5AA2D405000C5C8929F4B40240F441669AA2D405000C5C8929F4B40
Allinge Havn,0103000020E6100000010000000500000058AA0B7899992D4074ECA012D7A34B40EDB776A2249C2D4074ECA012D7A34B40EDB776A2249C2D40105CE50984A34B409A99999999992D40105CE50984A34B4058AA0B7899992D4074ECA012D7A34B40
Sandvig,0103000020E61000000100000006000000E3A59BC420902D40B891B245D2A44B40E3A59BC420902D406283859334A54B40DE58501894912D406283859334A54B40DE58501894912D40B891B245D2A44B402F88484DBB902D40B891B245D2A44B40E3A59BC420902D40B891B245D2A44B40
Hammerhavnen,0103000020E61000000100000006000000ABE80FCD3C812D4089B48D3F51A34B40ABE80FCD3C812D40810871E5ECA34B40DBF97E6ABC842D40810871E5ECA34B40DBF97E6ABC842D4089B48D3F51A34B409F73B7EBA5812D4089B48D3F51A34B40ABE80FCD3C812D4089B48D3F51A34B40
Vang Pier,0103000020E61000000100000006000000A04E797423742D4097E13FDD409F4B40A04E797423742D4041D3122BA39F4B402A90D959F4762D4041D3122BA39F4B402A90D959F4762D4097E13FDD409F4B40D6ABC8E880742D4097E13FDD409F4B40A04E797423742D4097E13FDD409F4B40
Vang,0103000020E61000000100000006000000D89AADBCE4772D4048E17A14AE9F4B40D89AADBCE4772D400000000000A04B40EC8502B683792D400000000000A04B40EC8502B683792D4048E17A14AE9F4B40030AF5F411782D4048E17A14AE9F4B40D89AADBCE4772D4048E17A14AE9F4B40
Teglkås Bådehavn,0103000020E6100000010000000500000099654F029B6B2D40F853E3A59B9C4B40E6046D72F86C2D40F853E3A59B9C4B40E6046D72F86C2D404643C6A3549C4B40BBD39D279E6B2D404643C6A3549C4B4099654F029B6B2D40F853E3A59B9C4B40
Helligpeder Havn,0103000020E61000000100000006000000613255302A692D40EC2FBB270F9B4B40613255302A692D40FAEDEBC0399B4B405F07CE19516A2D40FAEDEBC0399B4B405F07CE19516A2D40EC2FBB270F9B4B40505260014C692D40EC2FBB270F9B4B40613255302A692D40EC2FBB270F9B4B40
Hasle,0103000020E61000000100000006000000DD24068195632D40736891ED7C974B40DD24068195632D409CC420B072984B40F0A7C64B37692D409CC420B072984B40F0A7C64B37692D40736891ED7C974B402FDD240681652D40736891ED7C974B40DD24068195632D40736891ED7C974B40
Gedser,0103000020E6100000010000000600000051C1E10511D127403D0AD7A370454B4051C1E10511D12740C3F5285C8F4A4B40A379008BFCE22740C3F5285C8F4A4B40A379008BFCE227403D0AD7A370454B4060C8EA56CFD127403D0AD7A370454B4051C1E10511D127403D0AD7A370454B40
Hesnæs Havn,0103000020E6100000010000000600000012143FC6DC452840A9A44E4013694B4012143FC6DC4528400516C09481694B40B1C1C2499A4728400516C09481694B40B1C1C2499A472840A9A44E4013694B4050E1085229462840A9A44E4013694B4012143FC6DC452840A9A44E4013694B40
Nykøbing Falster Havn,0103000020E610000001000000050000000F61FC34EEB52740569BFF571D634B40FF08C38025BF2740569BFF571D634B40FF08C38025BF2740691EC022BF604B40533D997FF4B52740691EC022BF604B400F61FC34EEB52740569BFF571D634B40
Guldborg Bro og Bådehavn,0103000020E610000001000000060000003D0AD7A3707D2740E6B2D1393F6F4B403D0AD7A3707D2740B91AD995966F4B40E59CD843FB802740B91AD995966F4B40E59CD843FB802740E6B2D1393F6F4B40B1DD3D40F77D2740E6B2D1393F6F4B403D0AD7A3707D2740E6B2D1393F6F4B40
Sakskøbing Havn,0103000020E610000001000000060000008B389D64AB43274035D1E7A38C664B408B389D64AB432740DFC2BAF1EE664B40147AFD497C462740DFC2BAF1EE664B40147AFD497C46274035D1E7A38C664B40CCB8A981E643274035D1E7A38C664B408B389D64AB43274035D1E7A38C664B40
Nysted Havn,0103000020E61000000100000006000000AF3E1EFAEE6E27408333F8FBC5524B40AF3E1EFAEE6E274035EB8CEF8B554B403D0AD7A3707D274035EB8CEF8B554B403D0AD7A3707D27408333F8FBC5524B401D774A07EB6F27408333F8FBC5524B40AF3E1EFAEE6E27408333F8FBC5524B40
Stubberup,0103000020E610000001000000060000001C261AA4E0612740B0726891ED544B408D976E1283602740B0726891ED544B408D976E12836027409A266C3F19554B401C261AA4E06127409A266C3F19554B401C261AA4E0612740942F682101554B401C261AA4E0612740B0726891ED544B40
Rødbyhavn,0103000020E6100000010000000600000001F73C7FDAA02640AE47E17A144E4B4001F73C7FDAA02640FE47A643A7554B4091B932A836D02640FE47A643A7554B4091B932A836D02640AE47E17A144E4B4012C0CDE2C5AA2640AE47E17A144E4B4001F73C7FDAA02640AE47E17A144E4B40
Sakskøbing Lystbådehavn,0103000020E610000001000000060000005C8FC2F5283C274048E17A14AE674B405C8FC2F5283C2740F2D24D6210684B401F85EB51B83E2740F2D24D6210684B401F85EB51B83E274048E17A14AE674B4077DB85E63A3D274048E17A14AE674B405C8FC2F5283C274048E17A14AE674B40
Oreby Bro,0103000020E610000001000000060000001D8EAED2DD2D27409A99999999694B401D8EAED2DD2D2740C382FB010F6A4B40723447567E312740C382FB010F6A4B40723447567E3127409A99999999694B404359F8FA5A2F27409A99999999694B401D8EAED2DD2D27409A99999999694B40
Askø Havn,0103000020E610000001000000060000004A7B832F4CF626405A828C800A714B404A7B832F4CF62640AF43352559714B401171732A19F82640AF43352559714B401171732A19F826405A828C800A714B40A96917D34CF726405A828C800A714B404A7B832F4CF626405A828C800A714B40
Bandholm Havn,0103000020E61000000100000006000000F3380CE6AFF8264091F12895F06A4B40F3380CE6AFF82640A4703D0AD76B4B407024D06053FF2640A4703D0AD76B4B407024D06053FF264091F12895F06A4B4026A94C3107F9264091F12895F06A4B40F3380CE6AFF8264091F12895F06A4B40
Blans Havn,0103000020E610000001000000060000005C8FC2F528DC2640DDB1D826156F4B405C8FC2F528DC26408FC2F5285C6F4B401D8EAED2DDDD26408FC2F5285C6F4B401D8EAED2DDDD2640DDB1D826156F4B40DCD7817346DC2640DDB1D826156F4B405C8FC2F528DC2640DDB1D826156F4B40
Nakskov,0103000020E61000000100000006000000AEF199EC9F372640F10D85CFD6694B40AEF199EC9F372640473B6EF8DD6A4B402EE3A6069A472640473B6EF8DD6A4B402EE3A6069A472640F10D85CFD6694B40B7973446EB382640F10D85CFD6694B40AEF199EC9F372640F10D85CFD6694B40
Hestehoved Lystbådehavn,0103000020E61000000100000006000000FFCBB56801322640355EBA490C6A4B407171546EA22E2640355EBA490C6A4B407171546EA22E264073F56393FC6A4B40FFCBB5680132264073F56393FC6A4B40FFCBB56801322640B63176C24B6A4B40FFCBB56801322640355EBA490C6A4B40
Tars Fiskeri- og Lystbadehavn,0103000020E610000001000000060000004582A966D60A2640DD9733DB15704B404582A966D60A2640713D0AD7A3704B405A643BDF4F0D2640713D0AD7A3704B405A643BDF4F0D2640DD9733DB15704B401A31B3CF630C2640DD9733DB15704B404582A966D60A2640DD9733DB15704B40
Langø Havn,0103000020E610000001000000060000009ACDE33098072640CD599F724C684B409ACDE330980726403FA88B14CA684B405DC30C8D270A26403FA88B14CA684B405DC30C8D270A2640CD599F724C684B405F402FDCB9082640CD599F724C684B409ACDE33098072640CD599F724C684B40
Kramnitse Havn,0103000020E6100000010000000600000093E4B9BE0F7F264012F6ED24225A4B4093E4B9BE0F7F26406C054D4BAC5A4B40CF30B5A50E8226406C054D4BAC5A4B40CF30B5A50E82264012F6ED24225A4B4030664B564580264012F6ED24225A4B4093E4B9BE0F7F264012F6ED24225A4B40
Hornbæk Havn,0103000020E61000000100000006000000BA15C26A2CE928401D5A643BDF0B4C40BA15C26A2CE92840C0CE4D9B710C4C4093FFC9DFBDEB2840C0CE4D9B710C4C4093FFC9DFBDEB28401D5A643BDF0B4C400E85CFD6C1E928401D5A643BDF0B4C40BA15C26A2CE928401D5A643BDF0B4C40
Gilleleje Havn,0103000020E61000000100000006000000B003E78C289D28405DFE43FAED0F4C40B003E78C289D28400C207C28D1104C4001F73C7FDAA028400C207C28D1104C4001F73C7FDAA028405DFE43FAED0F4C400A1346B3B29D28405DFE43FAED0F4C40B003E78C289D28405DFE43FAED0F4C40
Grenaa,0103000020E61000000100000006000000F6285C8FC2D5254049A12C7C7D334C40F6285C8FC2D52540C2A4F8F884364C40F37519FED3E52540C2A4F8F884364C40F37519FED3E5254049A12C7C7D334C404FADBEBA2AD8254049A12C7C7D334C40F6285C8FC2D5254049A12C7C7D334C40
Anholt Havn,0103000020E61000000100000006000000C3F5285C8F022740DF5339ED295B4C40C3F5285C8F022740F84F3750E05B4C4049D8B79388082740F84F3750E05B4C4049D8B79388082740DF5339ED295B4C409B9141EE22042740DF5339ED295B4C40C3F5285C8F022740DF5339ED295B4C40
Østerby Havn,0103000020E61000000100000006000000EB1D6E87863D26404CC45BE7DFA84C40EB1D6E87863D2640D95BCAF962A94C40A9BD88B663422640D95BCAF962A94C40A9BD88B6634226404CC45BE7DFA84C4089096AF8163E26404CC45BE7DFA84C40EB1D6E87863D26404CC45BE7DFA84C40
